發生年度,發生月份,發生日期,發生時間,事故類別名稱,處理單位名稱警局層,發生地點,天候名稱,光線名稱,道路類別-第1當事者-名稱,速限-第1當事者,道路型態大類別名稱,道路型態子類別名稱,事故位置大類別名稱,事故位置子類別名稱,路面狀況-路面鋪裝名稱,路面狀況-路面狀態名稱,路面狀況-路面缺陷名稱,道路障礙-障礙物名稱,道路障礙-視距品質名稱,道路障礙-視距名稱,號誌-號誌種類名稱,號誌-號誌動作名稱,車道劃分設施-分向設施大類別名稱,車道劃分設施-分向設施子類別名稱,車道劃分設施-分道設施-快車道或一般車道間名稱,車道劃分設施-分道設施-快慢車道間名稱,車道劃分設施-分道設施-路面邊線名稱,事故類型及型態大類別名稱,事故類型及型態子類別名稱,肇因研判大類別名稱-主要,肇因研判子類別名稱-主要,死亡受傷人數,當事者順位,當事者區分-類別-大類別名稱-車種,當事者區分-類別-子類別名稱-車種,當事者屬-性-別名稱,當事者事故發生時年齡,保護裝備名稱,行動電話或電腦或其他相類功能裝置名稱,當事者行動狀態大類別名稱,當事者行動狀態子類別名稱,車輛撞擊部位大類別名稱-最初,車輛撞擊部位子類別名稱-最初,車輛撞擊部位大類別名稱-其他,車輛撞擊部位子類別名稱-其他,肇因研判大類別名稱-個別,肇因研判子類別名稱-個別,肇事逃逸類別名稱-是否肇逃,經度,緯度
2019,2,20190208,162835,A1,南投縣政府警察局,南投縣埔里鎮崇文街、中山路一段口,陰,日間自然光線,省道,50,交岔路,三岔路,交叉路口,交叉路口內,柏油,乾燥,無缺陷,無障礙物,良好,良好,行車管制號誌,正常,雙向禁止超車線,附標記,未繪設車道線,未繪設快慢車道分隔線,有,車與車,同向擦撞,駕駛人,迴轉未依規定,死亡1;受傷0,1,小客車,自用,男,39,戴安全帽或繫安全帶(使用幼童安全椅),未使用,車的狀態,迴轉或橫越道路中,汽車,左前車頭(身),,,駕駛人,迴轉未依規定,否,120.993608,23.978755
2019,2,20190209,035600,A1,臺北市政府警察局,臺北市信義區松仁路前0.0公尺,陰,夜間(或隧道、地下道、涵洞)有照明,市區道路,50,單路部分,巷弄,路段,一般車道(未劃分快慢車道),柏油,乾燥,無缺陷,無障礙物,良好,良好,閃光號誌,正常,行車分向線,無標記,車道線(無標記),未繪設快慢車道分隔線,無,車與車,側撞,駕駛人,未依規定讓車,死亡1;受傷0,1,小客車,自用,男,52,戴安全帽或繫安全帶(使用幼童安全椅),未使用,車的狀態,向前直行中,汽車,左側車身,汽車,左側車身,駕駛人,未依規定讓車,否,121.568333,25.028558
2019,2,20190209,035600,A1,臺北市政府警察局,臺北市信義區松仁路前0.0公尺,陰,夜間(或隧道、地下道、涵洞)有照明,市區道路,50,單路部分,巷弄,路段,一般車道(未劃分快慢車道),柏油,乾燥,無缺陷,無障礙物,良好,良好,閃光號誌,正常,行車分向線,無標記,車道線(無標記),未繪設快慢車道分隔線,無,車與車,側撞,駕駛人,未依規定讓車,死亡1;受傷0,2,機車,普通重型,男,20,戴安全帽或繫安全帶(使用幼童安全椅),未使用,車的狀態,向前直行中,機車,前車頭,機車,前車頭,無(車輛駕駛人因素),尚未發現肇事因素,否,121.568333,25.028558
2019,2,20190209,091200,A1,臺中市政府警察局,臺中市北屯區大坑里東山路二段前0.0公尺,晴,日間自然光線,市區道路,50,交岔路,三岔路,交叉路口,交叉口附近,柏油,乾燥,無缺陷,無障礙物,良好,良好,無號誌,無號誌,雙向禁止超車線,無標記,車道線(無標記),未繪設快慢車道分隔線,無,車與車,同向擦撞,駕駛人,未注意車前狀態,死亡1;受傷1,1,機車,普通重型,男,21,不明,不明,人的狀態,不明,機車,左側車身,,,駕駛人,未注意車前狀態,否,120.758508,24.200103
2019,2,20190209,091200,A1,臺中市政府警察局,臺中市北屯區大坑里東山路二段前0.0公尺,晴,日間自然光線,市區道路,50,交岔路,三岔路,交叉路口,交叉口附近,柏油,乾燥,無缺陷,無障礙物,良好,良好,無號誌,無號誌,雙向禁止超車線,無標記,車道線(無標記),未繪設快慢車道分隔線,無,車與車,同向擦撞,駕駛人,未注意車前狀態,死亡1;受傷1,2,機車,普通重型,男,53,不明,不明,車的狀態,向前直行中,機車,右側車身,,,無(車輛駕駛人因素),尚未發現肇事因素,否,120.758508,24.200103
2019,2,20190209,115900,A1,新北市政府警察局,新北市八里區龍米路2段96號前0.0公尺,晴,日間自然光線,其他,25,單路部分,直路,路段,一般車道(未劃分快慢車道),柏油,乾燥,無缺陷,無障礙物,良好,良好,無號誌,無號誌,行車分向線,附標記,未繪設車道線,未繪設快慢車道分隔線,有,車與車,其他,其他,其他引起事故之違規或不當行為,死亡1;受傷5,4,人,乘客,女,14,不明,不明,人的狀態,不明,其他,不明,其他,不明,無(非車輛駕駛人因素),尚未發現肇事因素,否,121.445068,25.148000
2019,2,20190209,115900,A1,新北市政府警察局,新北市八里區龍米路2段96號前0.0公尺,晴,日間自然光線,其他,25,單路部分,直路,路段,一般車道(未劃分快慢車道),柏油,乾燥,無缺陷,無障礙物,良好,良好,無號誌,無號誌,行車分向線,附標記,未繪設車道線,未繪設快慢車道分隔線,有,車與車,其他,其他,其他引起事故之違規或不當行為,死亡1;受傷5,5,人,乘客,女,14,不明,不明,人的狀態,不明,其他,不明,其他,不明,無(非車輛駕駛人因素),尚未發現肇事因素,否,121.445068,25.148000
2019,2,20190209,115900,A1,新北市政府警察局,新北市八里區龍米路2段96號前0.0公尺,晴,日間自然光線,其他,25,單路部分,直路,路段,一般車道(未劃分快慢車道),柏油,乾燥,無缺陷,無障礙物,良好,良好,無號誌,無號誌,行車分向線,附標記,未繪設車道線,未繪設快慢車道分隔線,有,車與車,其他,其他,其他引起事故之違規或不當行為,死亡1;受傷5,6,人,乘客,男,96,不明,不明,人的狀態,不明,其他,不明,其他,不明,無(非車輛駕駛人因素),尚未發現肇事因素,否,121.445068,25.148000
2019,2,20190209,115900,A1,新北市政府警察局,新北市八里區龍米路2段96號前0.0公尺,晴,日間自然光線,其他,25,單路部分,直路,路段,一般車道(未劃分快慢車道),柏油,乾燥,無缺陷,無障礙物,良好,良好,無號誌,無號誌,行車分向線,附標記,未繪設車道線,未繪設快慢車道分隔線,有,車與車,其他,其他,其他引起事故之違規或不當行為,死亡1;受傷5,7,人,乘客,女,69,不明,不明,人的狀態,不明,其他,不明,其他,不明,無(非車輛駕駛人因素),尚未發現肇事因素,否,121.445068,25.148000
2019,2,20190209,115900,A1,新北市政府警察局,新北市八里區龍米路2段96號前0.0公尺,晴,日間自然光線,其他,25,單路部分,直路,路段,一般車道(未劃分快慢車道),柏油,乾燥,無缺陷,無障礙物,良好,良好,無號誌,無號誌,行車分向線,附標記,未繪設車道線,未繪設快慢車道分隔線,有,車與車,其他,其他,其他引起事故之違規或不當行為,死亡1;受傷5,8,人,乘客,女,26,不明,不明,人的狀態,不明,其他,不明,其他,不明,無(非車輛駕駛人因素),尚未發現肇事因素,否,121.445068,25.148000
2019,2,20190209,115900,A1,新北市政府警察局,新北市八里區龍米路2段96號前0.0公尺,晴,日間自然光線,其他,25,單路部分,直路,路段,一般車道(未劃分快慢車道),柏油,乾燥,無缺陷,無障礙物,良好,良好,無號誌,無號誌,行車分向線,附標記,未繪設車道線,未繪設快慢車道分隔線,有,車與車,其他,其他,其他引起事故之違規或不當行為,死亡1;受傷5,1,慢車,人力車,男,14,不明,不明,人的狀態,不明,其他,不明,其他,不明,其他,其他引起事故之違規或不當行為,否,121.445068,25.148000
2019,2,20190209,115900,A1,新北市政府警察局,新北市八里區龍米路2段96號前0.0公尺,晴,日間自然光線,其他,25,單路部分,直路,路段,一般車道(未劃分快慢車道),柏油,乾燥,無缺陷,無障礙物,良好,良好,無號誌,無號誌,行車分向線,附標記,未繪設車道線,未繪設快慢車道分隔線,有,車與車,其他,其他,其他引起事故之違規或不當行為,死亡1;受傷5,2,慢車,電動輔助自行車,男,52,不明,不明,人的狀態,不明,其他,不明,其他,不明,無(車輛駕駛人因素),尚未發現肇事因素,否,121.445068,25.148000
2019,2,20190209,115900,A1,新北市政府警察局,新北市八里區龍米路2段96號前0.0公尺,晴,日間自然光線,其他,25,單路部分,直路,路段,一般車道(未劃分快慢車道),柏油,乾燥,無缺陷,無障礙物,良好,良好,無號誌,無號誌,行車分向線,附標記,未繪設車道線,未繪設快慢車道分隔線,有,車與車,其他,其他,其他引起事故之違規或不當行為,死亡1;受傷5,3,人,乘客,男,14,不明,不明,人的狀態,不明,其他,非汽(機)車,其他,非汽(機)車,無(非車輛駕駛人因素),尚未發現肇事因素,否,121.445068,25.148000
2019,2,20190209,202700,A1,臺北市政府警察局,臺北市內湖區潭美街 / 臺北市內湖區安美街,陰,夜間(或隧道、地下道、涵洞)有照明,市區道路,40,交岔路,三岔路,交叉路口,交叉路口內,柏油,乾燥,無缺陷,無障礙物,良好,良好,閃光號誌,正常,無,無分向設施,未繪設車道線,未繪設快慢車道分隔線,無,車與車,其他,駕駛人,未依規定讓車,死亡1;受傷0,1,小貨車(含客、貨兩用),自用,男,32,戴安全帽或繫安全帶(使用幼童安全椅),未使用,車的狀態,左轉彎,汽車,車底,汽車,車底,駕駛人,未依規定讓車,否,121.602737,25.061064
2019,2,20190209,202700,A1,臺北市政府警察局,臺北市內湖區潭美街 / 臺北市內湖區安美街,陰,夜間(或隧道、地下道、涵洞)有照明,市區道路,40,交岔路,三岔路,交叉路口,交叉路口內,柏油,乾燥,無缺陷,無障礙物,良好,良好,閃光號誌,正常,無,無分向設施,未繪設車道線,未繪設快慢車道分隔線,無,車與車,其他,駕駛人,未依規定讓車,死亡1;受傷0,2,機車,普通重型,女,27,戴安全帽或繫安全帶(使用幼童安全椅),未使用,車的狀態,向前直行中,機車,左側車身,機車,左側車身,無(車輛駕駛人因素),尚未發現肇事因素,否,121.602737,25.061064
2019,2,20190209,221500,A1,桃園市政府警察局,桃園市平鎮區中山路92號前0.0公尺,陰,夜間(或隧道、地下道、涵洞)有照明,市區道路,50,單路部分,直路,路段,一般車道(未劃分快慢車道),柏油,乾燥,無缺陷,無障礙物,不良,路上停放車輛,無號誌,無號誌,行車分向線,無標記,車道線(無標記),未繪設快慢車道分隔線,有,人與汽(機)車,穿越道路中,駕駛人,未注意車前狀態,死亡1;受傷0,2,人,行人,女,66,其他(行人、慢車駕駛人),非汽(機)車駕駛人,人的狀態,步行,其他,非汽(機)車,,,行人(或乘客),穿越道路未注意左右來車,否,121.254930,24.927756
2019,2,20190209,221500,A1,桃園市政府警察局,桃園市平鎮區中山路92號前0.0公尺,陰,夜間(或隧道、地下道、涵洞)有照明,市區道路,50,單路部分,直路,路段,一般車道(未劃分快慢車道),柏油,乾燥,無缺陷,無障礙物,不良,路上停放車輛,無號誌,無號誌,行車分向線,無標記,車道線(無標記),未繪設快慢車道分隔線,有,人與汽(機)車,穿越道路中,駕駛人,未注意車前狀態,死亡1;受傷0,1,小客車,自用,男,53,戴安全帽或繫安全帶(使用幼童安全椅),未使用,車的狀態,向前直行中,汽車,左前車頭(身),,,駕駛人,未注意車前狀態,否,121.254930,24.927756
2019,2,20190210,143959,A1,宜蘭縣政府警察局,宜蘭縣宜蘭市環市東路2段前0.0公尺,陰,日間自然光線,省道,70,單路部分,直路,路段,快車道,柏油,乾燥,無缺陷,無障礙物,良好,良好,無號誌,無號誌,無,無分向設施,車道線(附標記),窄式快慢車道分隔島(無柵欄),有,汽(機)車本身,撞交通島,駕駛人,超速失控,死亡1;受傷1,2,,,無或物(動物、堆置物),-1,,,,,,,,,無(非車輛駕駛人因素),尚未發現肇事因素,否,121.771741,24.737391
2019,2,20190210,143959,A1,宜蘭縣政府警察局,宜蘭縣宜蘭市環市東路2段前0.0公尺,陰,日間自然光線,省道,70,單路部分,直路,路段,快車道,柏油,乾燥,無缺陷,無障礙物,良好,良好,無號誌,無號誌,無,無分向設施,車道線(附標記),窄式快慢車道分隔島(無柵欄),有,汽(機)車本身,撞交通島,駕駛人,超速失控,死亡1;受傷1,1,小客車,自用,男,72,不明,未使用,車的狀態,向前直行中,汽車,左前車頭(身),,,駕駛人,超速失控,否,121.771741,24.737391
2019,2,20190210,143959,A1,宜蘭縣政府警察局,宜蘭縣宜蘭市環市東路2段前0.0公尺,陰,日間自然光線,省道,70,單路部分,直路,路段,快車道,柏油,乾燥,無缺陷,無障礙物,良好,良好,無號誌,無號誌,無,無分向設施,車道線(附標記),窄式快慢車道分隔島(無柵欄),有,汽(機)車本身,撞交通島,駕駛人,超速失控,死亡1;受傷1,3,人,乘客,女,70,不明,非汽(機)車駕駛人,人的狀態,其他,其他,非汽(機)車,,,無(非車輛駕駛人因素),尚未發現肇事因素,否,121.771741,24.737391
2019,2,20190210,151600,A1,雲林縣警察局,雲林縣虎尾鎮墾地里雲97公路293273燈桿前路口,晴,日間自然光線,縣道,40,交岔路,四岔路,交叉路口,交叉路口內,柏油,乾燥,無缺陷,無障礙物,良好,良好,無號誌,無號誌,雙向禁止超車線,無標記,未繪設車道線,快慢車道分隔線,有,車與車,路口交岔撞,駕駛人,未依規定讓車,死亡1;受傷0,1,大貨車,自用,男,52,戴安全帽或繫安全帶(使用幼童安全椅),未使用,車的狀態,向前直行中,汽車,前車頭,,,駕駛人,未依規定讓車,否,120.385271,23.738625
2019,2,20190210,151600,A1,雲林縣警察局,雲林縣虎尾鎮墾地里雲97公路293273燈桿前路口,晴,日間自然光線,縣道,40,交岔路,四岔路,交叉路口,交叉路口內,柏油,乾燥,無缺陷,無障礙物,良好,良好,無號誌,無號誌,雙向禁止超車線,無標記,未繪設車道線,快慢車道分隔線,有,車與車,路口交岔撞,駕駛人,未依規定讓車,死亡1;受傷0,2,機車,普通重型,男,22,戴安全帽或繫安全帶(使用幼童安全椅),未使用,車的狀態,向前直行中,機車,左側車身,機車,右側車身,駕駛人,未注意車前狀態,否,120.385271,23.738625
2019,2,20190210,180500,A1,彰化縣警察局,彰化縣員林市南平里員林大道5段 / 彰化縣員林市南平里龍富街,晴,夜間(或隧道、地下道、涵洞)有照明,市區道路,50,交岔路,多岔路,交叉路口,交叉路口內,柏油,乾燥,無缺陷,無障礙物,良好,良好,行車管制號誌(附設行人專用號誌),正常,中央分向島,寛式(50公分以上),車道線(無標記),快慢車道分隔線,有,車與車,側撞,駕駛人,違反號誌管制或指揮,死亡1;受傷0,1,小客車,自用,女,40,戴安全帽或繫安全帶(使用幼童安全椅),未使用,車的狀態,向前直行中,汽車,前車頭,,,駕駛人,違反號誌管制或指揮,否,120.568593,23.972075
2019,2,20190210,180500,A1,彰化縣警察局,彰化縣員林市南平里員林大道5段 / 彰化縣員林市南平里龍富街,晴,夜間(或隧道、地下道、涵洞)有照明,市區道路,50,交岔路,多岔路,交叉路口,交叉路口內,柏油,乾燥,無缺陷,無障礙物,良好,良好,行車管制號誌(附設行人專用號誌),正常,中央分向島,寛式(50公分以上),車道線(無標記),快慢車道分隔線,有,車與車,側撞,駕駛人,違反號誌管制或指揮,死亡1;受傷0,2,機車,普通重型,男,58,戴安全帽或繫安全帶(使用幼童安全椅),未使用,車的狀態,左轉彎,機車,右側車身,,,駕駛人,違反特定標誌(線)禁制,否,120.568593,23.972075
2019,2,20190210,182000,A1,雲林縣警察局,雲林縣元長鄉台19公路與潭東村路口,晴,夜間(或隧道、地下道、涵洞)有照明,村里道路,60,交岔路,三岔路,交叉路口,交叉路口內,柏油,乾燥,無缺陷,無障礙物,良好,良好,閃光號誌,正常,雙向禁止超車線,無標記,車道線(無標記),未繪設快慢車道分隔線,有,人與汽(機)車,其他,行人(或乘客),其他引起事故之疏失或行為,死亡1;受傷0,2,機車,普通重型,男,18,戴安全帽或繫安全帶(使用幼童安全椅),未使用,車的狀態,向前直行中,機車,前車頭,,,駕駛人,未注意車前狀態,否,120.311307,23.637131
2019,2,20190210,182000,A1,雲林縣警察局,雲林縣元長鄉台19公路與潭東村路口,晴,夜間(或隧道、地下道、涵洞)有照明,村里道路,60,交岔路,三岔路,交叉路口,交叉路口內,柏油,乾燥,無缺陷,無障礙物,良好,良好,閃光號誌,正常,雙向禁止超車線,無標記,車道線(無標記),未繪設快慢車道分隔線,有,人與汽(機)車,其他,行人(或乘客),其他引起事故之疏失或行為,死亡1;受傷0,1,人,行人,女,86,其他(行人、慢車駕駛人),非汽(機)車駕駛人,人的狀態,不明,其他,非汽(機)車,,,行人(或乘客),其他引起事故之疏失或行為,否,120.311307,23.637131
2019,2,20190210,194000,A1,臺中市政府警察局,臺中市大安區龜殼里西濱公路前0.0公尺,晴,夜間(或隧道、地下道、涵洞)無照明,其他,90,單路部分,高架道路,路段,快車道,柏油,乾燥,無缺陷,無障礙物,良好,良好,無號誌,無號誌,中央分向島,寛式(50公分以上),車道線(附標記),未繪設快慢車道分隔線,有,人與汽(機)車,其他,行人(或乘客),其他引起事故之疏失或行為,死亡1;受傷0,2,小客車,自用,男,36,戴安全帽或繫安全帶(使用幼童安全椅),未使用,車的狀態,向前直行中,汽車,前車頭,,,駕駛人,未注意車前狀態,否,120.585404,24.362147
2019,2,20190210,194000,A1,臺中市政府警察局,臺中市大安區龜殼里西濱公路前0.0公尺,晴,夜間(或隧道、地下道、涵洞)無照明,其他,90,單路部分,高架道路,路段,快車道,柏油,乾燥,無缺陷,無障礙物,良好,良好,無號誌,無號誌,中央分向島,寛式(50公分以上),車道線(附標記),未繪設快慢車道分隔線,有,人與汽(機)車,其他,行人(或乘客),其他引起事故之疏失或行為,死亡1;受傷0,1,人,行人,男,37,其他(行人、慢車駕駛人),非汽(機)車駕駛人,人的狀態,步行,其他,非汽(機)車,,,行人(或乘客),其他引起事故之疏失或行為,否,120.585404,24.362147
2019,2,20190211,012939,A1,桃園市政府警察局,桃園市中壢區環中東路口 / 桃園市中壢區新中北路口,陰,夜間(或隧道、地下道、涵洞)有照明,市區道路,50,交岔路,四岔路,其他,行人穿越道,柏油,乾燥,無缺陷,無障礙物,良好,良好,行車管制號誌,正常,無,無分向設施,未繪設車道線,未繪設快慢車道分隔線,無,人與汽(機)車,穿越道路中,駕駛人,搶越行人穿越道,死亡1;受傷0,1,小客車,自用,男,38,戴安全帽或繫安全帶(使用幼童安全椅),未使用,車的狀態,向前直行中,汽車,左前車頭(身),,,駕駛人,搶越行人穿越道,否,121.248230,24.957086
2019,2,20190211,012939,A1,桃園市政府警察局,桃園市中壢區環中東路口 / 桃園市中壢區新中北路口,陰,夜間(或隧道、地下道、涵洞)有照明,市區道路,50,交岔路,四岔路,其他,行人穿越道,柏油,乾燥,無缺陷,無障礙物,良好,良好,行車管制號誌,正常,無,無分向設施,未繪設車道線,未繪設快慢車道分隔線,無,人與汽(機)車,穿越道路中,駕駛人,搶越行人穿越道,死亡1;受傷0,2,人,行人,男,57,其他(行人、慢車駕駛人),非汽(機)車駕駛人,人的狀態,步行,其他,非汽(機)車,,,無(非車輛駕駛人因素),尚未發現肇事因素,否,121.248230,24.957086
2019,2,20190211,050041,A1,國道公路警察局,臺中市南屯區國道1號 184公里500.0公尺處北側向外側,晴,夜間(或隧道、地下道、涵洞)無照明,國道,110,單路部分,直路,路段,快車道,柏油,乾燥,無缺陷,無障礙物,良好,良好,無號誌,無號誌,中央分向島,寛式(50公分以上),車道線(附標記),未繪設快慢車道分隔線,有,人與汽(機)車,其他,行人(或乘客),其他引起事故之疏失或行為,死亡1;受傷0,8,小客車,自用,男,48,不明,使用免持或未有礙駕駛安全,車的狀態,向左變換車道,汽車,左前車頭(身),,,駕駛人,變換車道或方向不當,否,120.617829,24.138835
2019,2,20190211,050041,A1,國道公路警察局,臺中市南屯區國道1號 184公里500.0公尺處北側向外側,晴,夜間(或隧道、地下道、涵洞)無照明,國道,110,單路部分,直路,路段,快車道,柏油,乾燥,無缺陷,無障礙物,良好,良好,無號誌,無號誌,中央分向島,寛式(50公分以上),車道線(附標記),未繪設快慢車道分隔線,有,人與汽(機)車,其他,行人(或乘客),其他引起事故之疏失或行為,死亡1;受傷0,4,大貨車,自用,男,39,戴安全帽或繫安全帶(使用幼童安全椅),未使用,車的狀態,向前直行中,汽車,前車頭,汽車,車底,駕駛人,未注意車前狀態,是,120.617829,24.138835
2019,2,20190211,050041,A1,國道公路警察局,臺中市南屯區國道1號 184公里500.0公尺處北側向外側,晴,夜間(或隧道、地下道、涵洞)無照明,國道,110,單路部分,直路,路段,快車道,柏油,乾燥,無缺陷,無障礙物,良好,良好,無號誌,無號誌,中央分向島,寛式(50公分以上),車道線(附標記),未繪設快慢車道分隔線,有,人與汽(機)車,其他,行人(或乘客),其他引起事故之疏失或行為,死亡1;受傷0,5,小客車,自用,女,24,戴安全帽或繫安全帶(使用幼童安全椅),未使用,車的狀態,向前直行中,汽車,前車頭,汽車,車底,駕駛人,未注意車前狀態,是,120.617829,24.138835
2019,2,20190211,050041,A1,國道公路警察局,臺中市南屯區國道1號 184公里500.0公尺處北側向外側,晴,夜間(或隧道、地下道、涵洞)無照明,國道,110,單路部分,直路,路段,快車道,柏油,乾燥,無缺陷,無障礙物,良好,良好,無號誌,無號誌,中央分向島,寛式(50公分以上),車道線(附標記),未繪設快慢車道分隔線,有,人與汽(機)車,其他,行人(或乘客),其他引起事故之疏失或行為,死亡1;受傷0,1,人,其他人,男,48,其他(行人、慢車駕駛人),非汽(機)車駕駛人,人的狀態,其他,其他,非汽(機)車,,,行人(或乘客),其他引起事故之疏失或行為,否,120.617829,24.138835
2019,2,20190211,050041,A1,國道公路警察局,臺中市南屯區國道1號 184公里500.0公尺處北側向外側,晴,夜間(或隧道、地下道、涵洞)無照明,國道,110,單路部分,直路,路段,快車道,柏油,乾燥,無缺陷,無障礙物,良好,良好,無號誌,無號誌,中央分向島,寛式(50公分以上),車道線(附標記),未繪設快慢車道分隔線,有,人與汽(機)車,其他,行人(或乘客),其他引起事故之疏失或行為,死亡1;受傷0,3,半聯結車,營業用,男,41,戴安全帽或繫安全帶(使用幼童安全椅),未使用,車的狀態,向前直行中,汽車,前車頭,汽車,車底,駕駛人,未注意車前狀態,是,120.617829,24.138835
2019,2,20190211,050041,A1,國道公路警察局,臺中市南屯區國道1號 184公里500.0公尺處北側向外側,晴,夜間(或隧道、地下道、涵洞)無照明,國道,110,單路部分,直路,路段,快車道,柏油,乾燥,無缺陷,無障礙物,良好,良好,無號誌,無號誌,中央分向島,寛式(50公分以上),車道線(附標記),未繪設快慢車道分隔線,有,人與汽(機)車,其他,行人(或乘客),其他引起事故之疏失或行為,死亡1;受傷0,2,小貨車(含客、貨兩用),自用,男,45,戴安全帽或繫安全帶(使用幼童安全椅),未使用,車的狀態,向前直行中,汽車,前車頭,汽車,車底,駕駛人,未注意車前狀態,是,120.617829,24.138835
2019,2,20190211,050041,A1,國道公路警察局,臺中市南屯區國道1號 184公里500.0公尺處北側向外側,晴,夜間(或隧道、地下道、涵洞)無照明,國道,110,單路部分,直路,路段,快車道,柏油,乾燥,無缺陷,無障礙物,良好,良好,無號誌,無號誌,中央分向島,寛式(50公分以上),車道線(附標記),未繪設快慢車道分隔線,有,人與汽(機)車,其他,行人(或乘客),其他引起事故之疏失或行為,死亡1;受傷0,7,小貨車(含客、貨兩用),自用,男,58,戴安全帽或繫安全帶(使用幼童安全椅),未使用,車的狀態,向前直行中,汽車,前車頭,汽車,車底,駕駛人,未注意車前狀態,是,120.617829,24.138835
2019,2,20190211,050041,A1,國道公路警察局,臺中市南屯區國道1號 184公里500.0公尺處北側向外側,晴,夜間(或隧道、地下道、涵洞)無照明,國道,110,單路部分,直路,路段,快車道,柏油,乾燥,無缺陷,無障礙物,良好,良好,無號誌,無號誌,中央分向島,寛式(50公分以上),車道線(附標記),未繪設快慢車道分隔線,有,人與汽(機)車,其他,行人(或乘客),其他引起事故之疏失或行為,死亡1;受傷0,6,小貨車(含客、貨兩用),營業用,男,47,戴安全帽或繫安全帶(使用幼童安全椅),未使用,車的狀態,向前直行中,汽車,前車頭,汽車,車底,駕駛人,未注意車前狀態,是,120.617829,24.138835
2019,2,20190211,053900,A1,新北市政府警察局,新北市新莊區重新堤外道路 / 新北市新莊區21號越堤道,陰,晨或暮光,市區道路,50,交岔路,多岔路,交叉路口,交叉路口內,柏油,濕潤,無缺陷,無障礙物,良好,良好,行車管制號誌(附設行人專用號誌),正常,無,無分向設施,未繪設車道線,未繪設快慢車道分隔線,無,車與車,側撞,駕駛人,違反號誌管制或指揮,死亡1;受傷0,1,曳引車,營業用,男,56,戴安全帽或繫安全帶(使用幼童安全椅),未使用,車的狀態,左轉彎,汽車,前車頭,汽車,前車頭,駕駛人,違反號誌管制或指揮,否,121.453971,25.033547
2019,2,20190211,053900,A1,新北市政府警察局,新北市新莊區重新堤外道路 / 新北市新莊區21號越堤道,陰,晨或暮光,市區道路,50,交岔路,多岔路,交叉路口,交叉路口內,柏油,濕潤,無缺陷,無障礙物,良好,良好,行車管制號誌(附設行人專用號誌),正常,無,無分向設施,未繪設車道線,未繪設快慢車道分隔線,無,車與車,側撞,駕駛人,違反號誌管制或指揮,死亡1;受傷0,2,機車,普通重型,男,60,戴安全帽或繫安全帶(使用幼童安全椅),未使用,車的狀態,向前直行中,機車,左側車身,機車,左側車身,燈光,夜間行駛無燈光設備,否,121.453971,25.033547
2019,2,20190211,095800,A1,高雄市政府警察局,高雄市大樹區無名路前0.0公尺,晴,日間自然光線,市區道路,40,單路部分,直路,路段,一般車道(未劃分快慢車道),柏油,乾燥,無缺陷,無障礙物,良好,良好,無號誌,無號誌,無,無分向設施,未繪設車道線,未繪設快慢車道分隔線,有,車與車,對撞,駕駛人,未靠右行駛,死亡1;受傷0,2,機車,普通重型,女,51,戴安全帽或繫安全帶(使用幼童安全椅),未使用,車的狀態,向前直行中,機車,前車頭,機車,前車頭,無(車輛駕駛人因素),尚未發現肇事因素,否,120.414521,22.684428
2019,2,20190211,095800,A1,高雄市政府警察局,高雄市大樹區無名路前0.0公尺,晴,日間自然光線,市區道路,40,單路部分,直路,路段,一般車道(未劃分快慢車道),柏油,乾燥,無缺陷,無障礙物,良好,良好,無號誌,無號誌,無,無分向設施,未繪設車道線,未繪設快慢車道分隔線,有,車與車,對撞,駕駛人,未靠右行駛,死亡1;受傷0,1,小貨車(含客、貨兩用),營業用,男,35,戴安全帽或繫安全帶(使用幼童安全椅),未使用,車的狀態,向前直行中,汽車,左前車頭(身),汽車,左前車頭(身),駕駛人,未靠右行駛,否,120.414521,22.684428
2019,2,20190211,121514,A1,嘉義縣警察局,嘉義縣六腳鄉正義村中溝產業道路(無名橋),晴,日間自然光線,其他,40,交岔路,四岔路,交叉路口,交叉路口內,柏油,乾燥,無缺陷,無障礙物,良好,良好,無號誌,無號誌,無,無分向設施,未繪設車道線,未繪設快慢車道分隔線,無,車與車,路口交岔撞,駕駛人,未依規定讓車,死亡1;受傷0,2,小客車,自用,男,51,戴安全帽或繫安全帶(使用幼童安全椅),未使用,車的狀態,向前直行中,汽車,前車頭,,,駕駛人,未注意車前狀態,否,120.267495,23.502496
2019,2,20190211,121514,A1,嘉義縣警察局,嘉義縣六腳鄉正義村中溝產業道路(無名橋),晴,日間自然光線,其他,40,交岔路,四岔路,交叉路口,交叉路口內,柏油,乾燥,無缺陷,無障礙物,良好,良好,無號誌,無號誌,無,無分向設施,未繪設車道線,未繪設快慢車道分隔線,無,車與車,路口交岔撞,駕駛人,未依規定讓車,死亡1;受傷0,1,機車,普通輕型,女,71,戴安全帽或繫安全帶(使用幼童安全椅),未使用,車的狀態,向前直行中,機車,右側車身,,,駕駛人,未依規定讓車,否,120.267495,23.502496