發生年度,發生月份,發生日期,發生時間,事故類別名稱,處理單位名稱警局層,發生地點,天候名稱,光線名稱,道路類別-第1當事者-名稱,速限-第1當事者,道路型態大類別名稱,道路型態子類別名稱,事故位置大類別名稱,事故位置子類別名稱,路面狀況-路面鋪裝名稱,路面狀況-路面狀態名稱,路面狀況-路面缺陷名稱,道路障礙-障礙物名稱,道路障礙-視距品質名稱,道路障礙-視距名稱,號誌-號誌種類名稱,號誌-號誌動作名稱,車道劃分設施-分向設施大類別名稱,車道劃分設施-分向設施子類別名稱,車道劃分設施-分道設施-快車道或一般車道間名稱,車道劃分設施-分道設施-快慢車道間名稱,車道劃分設施-分道設施-路面邊線名稱,事故類型及型態大類別名稱,事故類型及型態子類別名稱,肇因研判大類別名稱-主要,肇因研判子類別名稱-主要,死亡受傷人數,當事者順位,當事者區分-類別-大類別名稱-車種,當事者區分-類別-子類別名稱-車種,當事者屬-性-別名稱,當事者事故發生時年齡,保護裝備名稱,行動電話或電腦或其他相類功能裝置名稱,當事者行動狀態大類別名稱,當事者行動狀態子類別名稱,車輛撞擊部位大類別名稱-最初,車輛撞擊部位子類別名稱-最初,車輛撞擊部位大類別名稱-其他,車輛撞擊部位子類別名稱-其他,肇因研判大類別名稱-個別,肇因研判子類別名稱-個別,肇事逃逸類別名稱-是否肇逃,經度,緯度
2019,2,20190218,071700,A1,屏東縣政府警察局,屏東縣鹽埔鄉台27線46公里處,晴,日間自然光線,省道,60,交岔路,四岔路,路段,快車道,柏油,乾燥,無缺陷,無障礙物,良好,良好,閃光號誌,正常,雙向禁止超車線,附標記,車道線(無標記),快慢車道分隔線,有,車與車,側撞,駕駛人,迴轉未依規定,死亡1;受傷0,2,小客車,自用,男,45,戴安全帽或繫安全帶(使用幼童安全椅),未使用,車的狀態,向前直行中,汽車,前車頭,,,駕駛人,未注意車前狀態,否,120.549453,22.740868
2019,2,20190218,071700,A1,屏東縣政府警察局,屏東縣鹽埔鄉台27線46公里處,晴,日間自然光線,省道,60,交岔路,四岔路,路段,快車道,柏油,乾燥,無缺陷,無障礙物,良好,良好,閃光號誌,正常,雙向禁止超車線,附標記,車道線(無標記),快慢車道分隔線,有,車與車,側撞,駕駛人,迴轉未依規定,死亡1;受傷0,1,機車,普通重型,男,63,戴安全帽或繫安全帶(使用幼童安全椅),未使用,車的狀態,迴轉或橫越道路中,機車,左側車身,,,駕駛人,迴轉未依規定,否,120.549453,22.740868
2019,2,20190218,142500,A1,基隆市警察局,基隆市仁愛區南榮路198號南榮公墓前,陰,日間自然光線,市區道路,50,交岔路,三岔路,交叉路口,交叉路口內,柏油,乾燥,無缺陷,無障礙物,良好,良好,行車管制號誌,正常,無,無分向設施,未繪設車道線,未繪設快慢車道分隔線,無,人與汽(機)車,穿越道路中,行人(或乘客),未依規定行走行人穿越道、地下道、天橋而穿越道路,死亡2;受傷0,2,小客車,自用,男,91,戴安全帽或繫安全帶(使用幼童安全椅),未使用,車的狀態,向前直行中,汽車,右前車頭(身),汽車,右前車頭(身),駕駛人,未注意車前狀態,否,121.744376,25.112762
2019,2,20190218,142500,A1,基隆市警察局,基隆市仁愛區南榮路198號南榮公墓前,陰,日間自然光線,市區道路,50,交岔路,三岔路,交叉路口,交叉路口內,柏油,乾燥,無缺陷,無障礙物,良好,良好,行車管制號誌,正常,無,無分向設施,未繪設車道線,未繪設快慢車道分隔線,無,人與汽(機)車,穿越道路中,行人(或乘客),未依規定行走行人穿越道、地下道、天橋而穿越道路,死亡2;受傷0,1,人,行人,男,75,其他(行人、慢車駕駛人),非汽(機)車駕駛人,人的狀態,步行,其他,非汽(機)車,其他,非汽(機)車,行人(或乘客),未依規定行走行人穿越道、地下道、天橋而穿越道路,否,121.744376,25.112762
2019,2,20190218,142500,A1,基隆市警察局,基隆市仁愛區南榮路198號南榮公墓前,陰,日間自然光線,市區道路,50,交岔路,三岔路,交叉路口,交叉路口內,柏油,乾燥,無缺陷,無障礙物,良好,良好,行車管制號誌,正常,無,無分向設施,未繪設車道線,未繪設快慢車道分隔線,無,人與汽(機)車,穿越道路中,行人(或乘客),未依規定行走行人穿越道、地下道、天橋而穿越道路,死亡2;受傷0,3,人,行人,女,69,其他(行人、慢車駕駛人),非汽(機)車駕駛人,人的狀態,步行,其他,非汽(機)車,其他,非汽(機)車,行人(或乘客),未依規定行走行人穿越道、地下道、天橋而穿越道路,否,121.744376,25.112762
2019,2,20190218,143100,A1,彰化縣警察局,彰化縣二林鎮香田里儒林路前0.0公尺,晴,日間自然光線,村里道路,40,交岔路,四岔路,交叉路口,交叉路口內,柏油,乾燥,無缺陷,無障礙物,良好,良好,無號誌,無號誌,無,無分向設施,未繪設車道線,未繪設快慢車道分隔線,有,車與車,側撞,駕駛人,未依規定讓車,死亡1;受傷0,1,大貨車,營業用,男,28,戴安全帽或繫安全帶(使用幼童安全椅),未使用,車的狀態,向前直行中,汽車,前車頭,,,駕駛人,未依規定讓車,否,120.371337,23.873271
2019,2,20190218,143100,A1,彰化縣警察局,彰化縣二林鎮香田里儒林路前0.0公尺,晴,日間自然光線,村里道路,40,交岔路,四岔路,交叉路口,交叉路口內,柏油,乾燥,無缺陷,無障礙物,良好,良好,無號誌,無號誌,無,無分向設施,未繪設車道線,未繪設快慢車道分隔線,有,車與車,側撞,駕駛人,未依規定讓車,死亡1;受傷0,2,機車,普通重型,女,75,戴安全帽或繫安全帶(使用幼童安全椅),未使用,車的狀態,向前直行中,機車,左側車身,,,駕駛人,未依規定減速,否,120.371337,23.873271
2019,2,20190218,171600,A1,高雄市政府警察局,高雄市小港區沿海三路0號前0.0公尺,晴,日間自然光線,市區道路,40,單路部分,直路,路段,機車專用道,柏油,乾燥,無缺陷,無障礙物,良好,良好,無號誌,無號誌,中央分向島,寛式(50公分以上),車道線(無標記),寛式快慢車道分隔島(50公分以上),有,車與車,同向擦撞,駕駛人,未保持行車安全距離,死亡1;受傷1,1,機車,普通重型,男,33,戴安全帽或繫安全帶(使用幼童安全椅),未使用,車的狀態,向前直行中,機車,前車頭,機車,前車頭,駕駛人,未保持行車安全距離,否,120.368298,22.526675
2019,2,20190218,171600,A1,高雄市政府警察局,高雄市小港區沿海三路0號前0.0公尺,晴,日間自然光線,市區道路,40,單路部分,直路,路段,機車專用道,柏油,乾燥,無缺陷,無障礙物,良好,良好,無號誌,無號誌,中央分向島,寛式(50公分以上),車道線(無標記),寛式快慢車道分隔島(50公分以上),有,車與車,同向擦撞,駕駛人,未保持行車安全距離,死亡1;受傷1,2,機車,普通重型,男,52,戴安全帽或繫安全帶(使用幼童安全椅),未使用,車的狀態,向前直行中,機車,後車尾,機車,後車尾,無(車輛駕駛人因素),尚未發現肇事因素,否,120.368298,22.526675
2019,2,20190218,184700,A1,高雄市政府警察局,高雄市茄萣區東方路1段前0.0公尺,晴,夜間(或隧道、地下道、涵洞)有照明,市區道路,70,單路部分,直路,路段,一般車道(未劃分快慢車道),柏油,乾燥,無缺陷,無障礙物,良好,良好,無號誌,無號誌,雙向禁止超車線,附標記,車道線(無標記),未繪設快慢車道分隔線,有,人與汽(機)車,其他,行人(或乘客),在道路上嬉戲或奔走不定,死亡1;受傷0,2,小客車,自用,男,54,戴安全帽或繫安全帶(使用幼童安全椅),未使用,車的狀態,向前直行中,汽車,前車頭,汽車,前車頭,駕駛人,未注意車前狀態,否,120.214600,22.876260
2019,2,20190218,184700,A1,高雄市政府警察局,高雄市茄萣區東方路1段前0.0公尺,晴,夜間(或隧道、地下道、涵洞)有照明,市區道路,70,單路部分,直路,路段,一般車道(未劃分快慢車道),柏油,乾燥,無缺陷,無障礙物,良好,良好,無號誌,無號誌,雙向禁止超車線,附標記,車道線(無標記),未繪設快慢車道分隔線,有,人與汽(機)車,其他,行人(或乘客),在道路上嬉戲或奔走不定,死亡1;受傷0,1,人,行人,男,43,其他(行人、慢車駕駛人),非汽(機)車駕駛人,人的狀態,其他,其他,非汽(機)車,其他,非汽(機)車,行人(或乘客),在道路上嬉戲或奔走不定,否,120.214600,22.876260
2019,2,20190218,211300,A1,高雄市政府警察局,高雄市岡山區岡山路 / 高雄市岡山區嘉新西路,晴,夜間(或隧道、地下道、涵洞)有照明,市區道路,50,交岔路,四岔路,交叉路口,交叉路口內,柏油,乾燥,無缺陷,無障礙物,良好,良好,行車管制號誌,正常,中央分向島,寛式(50公分以上),車道線(附標記),快慢車道分隔線,無,車與車,側撞,駕駛人,違反號誌管制或指揮,死亡1;受傷1,1,機車,普通重型,男,16,戴安全帽或繫安全帶(使用幼童安全椅),未使用,車的狀態,向前直行中,機車,前車頭,機車,前車頭,駕駛人,違反號誌管制或指揮,否,120.292310,22.801654
2019,2,20190218,211300,A1,高雄市政府警察局,高雄市岡山區岡山路 / 高雄市岡山區嘉新西路,晴,夜間(或隧道、地下道、涵洞)有照明,市區道路,50,交岔路,四岔路,交叉路口,交叉路口內,柏油,乾燥,無缺陷,無障礙物,良好,良好,行車管制號誌,正常,中央分向島,寛式(50公分以上),車道線(附標記),快慢車道分隔線,無,車與車,側撞,駕駛人,違反號誌管制或指揮,死亡1;受傷1,2,小客車,自用,女,49,戴安全帽或繫安全帶(使用幼童安全椅),未使用,車的狀態,左轉彎,汽車,前車頭,汽車,前車頭,無(車輛駕駛人因素),尚未發現肇事因素,否,120.292310,22.801654
2019,2,20190218,211300,A1,高雄市政府警察局,高雄市岡山區岡山路 / 高雄市岡山區嘉新西路,晴,夜間(或隧道、地下道、涵洞)有照明,市區道路,50,交岔路,四岔路,交叉路口,交叉路口內,柏油,乾燥,無缺陷,無障礙物,良好,良好,行車管制號誌,正常,中央分向島,寛式(50公分以上),車道線(附標記),快慢車道分隔線,無,車與車,側撞,駕駛人,違反號誌管制或指揮,死亡1;受傷1,3,人,乘客,男,16,戴安全帽或繫安全帶(使用幼童安全椅),非汽(機)車駕駛人,人的狀態,其他,其他,不明,其他,不明,無(非車輛駕駛人因素),尚未發現肇事因素,否,120.292310,22.801654
2019,2,20190218,221000,A1,雲林縣警察局,雲林縣古坑鄉桂林村桃源路8-8號,晴,夜間(或隧道、地下道、涵洞)有照明,其他,30,單路部分,彎曲路及附近,路段,一般車道(未劃分快慢車道),柏油,乾燥,無缺陷,無障礙物,良好,良好,無號誌,無號誌,雙向禁止超車線,附標記,未繪設車道線,未繪設快慢車道分隔線,有,汽(機)車本身,路上翻車、摔倒,駕駛人,未注意車前狀態,死亡1;受傷0,2,,,無或物(動物、堆置物),-1,,,,,,,,,無(非車輛駕駛人因素),尚未發現肇事因素,否,120.594508,23.598717
2019,2,20190218,221000,A1,雲林縣警察局,雲林縣古坑鄉桂林村桃源路8-8號,晴,夜間(或隧道、地下道、涵洞)有照明,其他,30,單路部分,彎曲路及附近,路段,一般車道(未劃分快慢車道),柏油,乾燥,無缺陷,無障礙物,良好,良好,無號誌,無號誌,雙向禁止超車線,附標記,未繪設車道線,未繪設快慢車道分隔線,有,汽(機)車本身,路上翻車、摔倒,駕駛人,未注意車前狀態,死亡1;受傷0,1,機車,大型重型1(550C.C.以上),男,25,戴安全帽或繫安全帶(使用幼童安全椅),未使用,車的狀態,向前直行中,機車,右側車身,,,駕駛人,未注意車前狀態,否,120.594508,23.598717
2019,2,20190219,060900,A1,臺中市政府警察局,臺中市大肚區蔗廍里向上路五段前0.0公尺,陰,夜間(或隧道、地下道、涵洞)有照明,市區道路,60,交岔路,三岔路,其他,行人穿越道,柏油,濕潤,無缺陷,無障礙物,不良,其他,行車管制號誌(附設行人專用號誌),正常,中央分向島,寛式(50公分以上),車道線(無標記),寛式快慢車道分隔島(50公分以上),有,人與汽(機)車,穿越道路中,駕駛人,未注意車前狀態,死亡1;受傷0,1,小客車,自用,男,37,戴安全帽或繫安全帶(使用幼童安全椅),未使用,車的狀態,向前直行中,汽車,右前車頭(身),,,駕駛人,未注意車前狀態,否,120.582700,24.172598
2019,2,20190219,060900,A1,臺中市政府警察局,臺中市大肚區蔗廍里向上路五段前0.0公尺,陰,夜間(或隧道、地下道、涵洞)有照明,市區道路,60,交岔路,三岔路,其他,行人穿越道,柏油,濕潤,無缺陷,無障礙物,不良,其他,行車管制號誌(附設行人專用號誌),正常,中央分向島,寛式(50公分以上),車道線(無標記),寛式快慢車道分隔島(50公分以上),有,人與汽(機)車,穿越道路中,駕駛人,未注意車前狀態,死亡1;受傷0,2,人,行人,女,65,其他(行人、慢車駕駛人),非汽(機)車駕駛人,人的狀態,步行,其他,非汽(機)車,,,行人(或乘客),未依標誌、標線、號誌或手勢指揮穿越道路,否,120.582700,24.172598
2019,2,20190219,073508,A1,苗栗縣警察局,苗栗縣竹南鎮大埔里想思林33號前,晴,日間自然光線,其他,40,交岔路,四岔路,路段,一般車道(未劃分快慢車道),柏油,乾燥,無缺陷,無障礙物,良好,良好,無號誌,無號誌,無,無分向設施,未繪設車道線,未繪設快慢車道分隔線,無,車與車,側撞,駕駛人,未依規定讓車,死亡1;受傷0,2,機車,普通重型,男,26,戴安全帽或繫安全帶(使用幼童安全椅),未使用,車的狀態,向前直行中,機車,前車頭,,,駕駛人,未依規定減速,否,120.895303,24.714047
2019,2,20190219,073508,A1,苗栗縣警察局,苗栗縣竹南鎮大埔里想思林33號前,晴,日間自然光線,其他,40,交岔路,四岔路,路段,一般車道(未劃分快慢車道),柏油,乾燥,無缺陷,無障礙物,良好,良好,無號誌,無號誌,無,無分向設施,未繪設車道線,未繪設快慢車道分隔線,無,車與車,側撞,駕駛人,未依規定讓車,死亡1;受傷0,1,大貨車,營業用,男,40,戴安全帽或繫安全帶(使用幼童安全椅),未使用,車的狀態,向前直行中,汽車,右前車頭(身),,,駕駛人,未依規定讓車,否,120.895303,24.714047
2019,2,20190219,100200,A1,嘉義市政府警察局,嘉義市東區盧厝里大雅路1段 / 嘉義市東區盧厝里大雅路1段,晴,日間自然光線,市區道路,50,交岔路,三岔路,交叉路口,交叉路口內,柏油,乾燥,無缺陷,無障礙物,良好,良好,行車管制號誌,正常,無,無分向設施,未繪設車道線,未繪設快慢車道分隔線,無,車與車,側撞,駕駛人,違反號誌管制或指揮,死亡1;受傷1,1,機車,普通重型,男,19,戴安全帽或繫安全帶(使用幼童安全椅),未使用,車的狀態,向前直行中,機車,前車頭,,,駕駛人,違反號誌管制或指揮,否,120.496400,23.481740
2019,2,20190219,100200,A1,嘉義市政府警察局,嘉義市東區盧厝里大雅路1段 / 嘉義市東區盧厝里大雅路1段,晴,日間自然光線,市區道路,50,交岔路,三岔路,交叉路口,交叉路口內,柏油,乾燥,無缺陷,無障礙物,良好,良好,行車管制號誌,正常,無,無分向設施,未繪設車道線,未繪設快慢車道分隔線,無,車與車,側撞,駕駛人,違反號誌管制或指揮,死亡1;受傷1,2,機車,普通重型,男,51,戴安全帽或繫安全帶(使用幼童安全椅),未使用,車的狀態,向前直行中,機車,左側車身,,,無(車輛駕駛人因素),尚未發現肇事因素,否,120.496400,23.481740
2019,2,20190219,165100,A1,臺北市政府警察局,臺北市士林區格致路 / 臺北市士林區愛富二街,晴,日間自然光線,市區道路,40,交岔路,四岔路,交叉路口,交叉口附近,柏油,乾燥,無缺陷,無障礙物,良好,良好,閃光號誌,正常,無,無分向設施,未繪設車道線,未繪設快慢車道分隔線,有,人與汽(機)車,同向通行中,駕駛人,搶越行人穿越道,死亡1;受傷0,2,人,行人,女,20,其他(行人、慢車駕駛人),非汽(機)車駕駛人,人的狀態,步行,其他,非汽(機)車,其他,非汽(機)車,無(非車輛駕駛人因素),尚未發現肇事因素,否,121.549125,25.137193
2019,2,20190219,165100,A1,臺北市政府警察局,臺北市士林區格致路 / 臺北市士林區愛富二街,晴,日間自然光線,市區道路,40,交岔路,四岔路,交叉路口,交叉口附近,柏油,乾燥,無缺陷,無障礙物,良好,良好,閃光號誌,正常,無,無分向設施,未繪設車道線,未繪設快慢車道分隔線,有,人與汽(機)車,同向通行中,駕駛人,搶越行人穿越道,死亡1;受傷0,1,大客車,民營客運,男,61,戴安全帽或繫安全帶(使用幼童安全椅),未使用,車的狀態,右轉彎,汽車,右前車頭(身),汽車,右前車頭(身),駕駛人,搶越行人穿越道,否,121.549125,25.137193
2019,2,20190219,184300,A1,國道公路警察局,苗栗縣三義鄉國道1號 150公里900.0公尺處北側向外側,晴,夜間(或隧道、地下道、涵洞)有照明,國道,100,單路部分,坡路,路段,快車道,柏油,乾燥,無缺陷,無障礙物,良好,良好,無號誌,無號誌,中央分向島,寛式(50公分以上),車道線(附標記),未繪設快慢車道分隔線,有,車與車,追撞,駕駛人,未注意車前狀態,死亡1;受傷1,1,大貨車,營業用,男,29,未戴案全帽或未繫安全帶(未使用幼童安全椅),不明,車的狀態,向前直行中,汽車,前車頭,,,駕駛人,未注意車前狀態,否,120.756243,24.389298
2019,2,20190219,184300,A1,國道公路警察局,苗栗縣三義鄉國道1號 150公里900.0公尺處北側向外側,晴,夜間(或隧道、地下道、涵洞)有照明,國道,100,單路部分,坡路,路段,快車道,柏油,乾燥,無缺陷,無障礙物,良好,良好,無號誌,無號誌,中央分向島,寛式(50公分以上),車道線(附標記),未繪設快慢車道分隔線,有,車與車,追撞,駕駛人,未注意車前狀態,死亡1;受傷1,2,半聯結車,營業用,男,38,戴安全帽或繫安全帶(使用幼童安全椅),未使用,車的狀態,向左變換車道,汽車,後車尾,,,其他,其他引起事故之違規或不當行為,否,120.756243,24.389298
2019,2,20190219,184300,A1,國道公路警察局,苗栗縣三義鄉國道1號 150公里900.0公尺處北側向外側,晴,夜間(或隧道、地下道、涵洞)有照明,國道,100,單路部分,坡路,路段,快車道,柏油,乾燥,無缺陷,無障礙物,良好,良好,無號誌,無號誌,中央分向島,寛式(50公分以上),車道線(附標記),未繪設快慢車道分隔線,有,車與車,追撞,駕駛人,未注意車前狀態,死亡1;受傷1,3,人,乘客,男,32,戴安全帽或繫安全帶(使用幼童安全椅),非汽(機)車駕駛人,人的狀態,其他,其他,非汽(機)車,,,無(非車輛駕駛人因素),尚未發現肇事因素,否,120.756243,24.389298
2019,2,20190220,050500,A1,新竹縣政府警察局,新竹縣新埔鎮義民路3段506巷口,陰,夜間(或隧道、地下道、涵洞)有照明,市區道路,50,單路部分,彎曲路及附近,路段,一般車道(未劃分快慢車道),柏油,乾燥,無缺陷,無障礙物,不良,彎道,無號誌,無號誌,雙向禁止超車線,無標記,禁止變換車道線(無標記),未繪設快慢車道分隔線,有,人與汽(機)車,穿越道路中,行人(或乘客),穿越道路未注意左右來車,死亡1;受傷1,1,人,行人,女,79,其他(行人、慢車駕駛人),未使用,人的狀態,步行,其他,非汽(機)車,,,行人(或乘客),穿越道路未注意左右來車,否,121.032902,24.844777
2019,2,20190220,050500,A1,新竹縣政府警察局,新竹縣新埔鎮義民路3段506巷口,陰,夜間(或隧道、地下道、涵洞)有照明,市區道路,50,單路部分,彎曲路及附近,路段,一般車道(未劃分快慢車道),柏油,乾燥,無缺陷,無障礙物,不良,彎道,無號誌,無號誌,雙向禁止超車線,無標記,禁止變換車道線(無標記),未繪設快慢車道分隔線,有,人與汽(機)車,穿越道路中,行人(或乘客),穿越道路未注意左右來車,死亡1;受傷1,2,機車,普通重型,男,45,戴安全帽或繫安全帶(使用幼童安全椅),未使用,車的狀態,向前直行中,機車,前車頭,,,駕駛人,未注意車前狀態,否,121.032902,24.844777
2019,2,20190220,092400,A1,彰化縣警察局,彰化縣花壇鄉南口村中山路2段前0.0公尺,晴,日間自然光線,村里道路,60,交岔路,四岔路,交叉路口,交叉路口內,柏油,乾燥,無缺陷,無障礙物,良好,良好,行車管制號誌(附設行人專用號誌),正常,中央分向島,寛式(50公分以上),禁止變換車道線(無標記),未繪設快慢車道分隔線,有,車與車,側撞,駕駛人,違反號誌管制或指揮,死亡1;受傷0,2,機車,普通重型,男,70,戴安全帽或繫安全帶(使用幼童安全椅),未使用,車的狀態,向前直行中,機車,左側車身,機車,左側車身,駕駛人,未注意車前狀態,否,120.535514,24.036578
2019,2,20190220,092400,A1,彰化縣警察局,彰化縣花壇鄉南口村中山路2段前0.0公尺,晴,日間自然光線,村里道路,60,交岔路,四岔路,交叉路口,交叉路口內,柏油,乾燥,無缺陷,無障礙物,良好,良好,行車管制號誌(附設行人專用號誌),正常,中央分向島,寛式(50公分以上),禁止變換車道線(無標記),未繪設快慢車道分隔線,有,車與車,側撞,駕駛人,違反號誌管制或指揮,死亡1;受傷0,1,小貨車(含客、貨兩用),自用,男,60,戴安全帽或繫安全帶(使用幼童安全椅),未使用,車的狀態,左轉彎,汽車,左前車頭(身),汽車,左前車頭(身),駕駛人,違反號誌管制或指揮,否,120.535514,24.036578
2019,2,20190220,103512,A1,國道公路警察局,南投縣草屯鎮國道6號 5公里西側向交流道,晴,日間自然光線,國道,60,單路部分,彎曲路及附近,交流道,環道匝道,柏油,乾燥,無缺陷,無障礙物,良好,良好,無號誌,無號誌,無,無分向設施,車道線(附標記),未繪設快慢車道分隔線,有,汽(機)車本身,撞護欄(樁),駕駛人,超速失控,死亡1;受傷0,2,,,無或物(動物、堆置物),-1,,,,,,,,,無(非車輛駕駛人因素),尚未發現肇事因素,否,120.715685,24.007216
2019,2,20190220,103512,A1,國道公路警察局,南投縣草屯鎮國道6號 5公里西側向交流道,晴,日間自然光線,國道,60,單路部分,彎曲路及附近,交流道,環道匝道,柏油,乾燥,無缺陷,無障礙物,良好,良好,無號誌,無號誌,無,無分向設施,車道線(附標記),未繪設快慢車道分隔線,有,汽(機)車本身,撞護欄(樁),駕駛人,超速失控,死亡1;受傷0,1,半聯結車,營業用,男,58,未戴案全帽或未繫安全帶(未使用幼童安全椅),不明,車的狀態,向前直行中,汽車,右前車頭(身),汽車,前車頭,駕駛人,超速失控,否,120.715685,24.007216
2019,2,20190220,211610,A1,新竹市警察局,新竹市東區公道五路二段口 / 新竹市東區水源街口,晴,夜間(或隧道、地下道、涵洞)有照明,市區道路,50,交岔路,四岔路,交叉路口,交叉路口內,柏油,乾燥,無缺陷,無障礙物,良好,良好,行車管制號誌,正常,中央分向島,寛式(50公分以上),禁止變換車道線(附標記),寛式快慢車道分隔島(50公分以上),無,車與車,側撞,駕駛人,違反號誌管制或指揮,死亡1;受傷0,2,機車,普通重型,男,18,不明,不明,車的狀態,向前直行中,機車,前車頭,,,駕駛人,未依規定減速,否,120.993863,24.804672
2019,2,20190220,211610,A1,新竹市警察局,新竹市東區公道五路二段口 / 新竹市東區水源街口,晴,夜間(或隧道、地下道、涵洞)有照明,市區道路,50,交岔路,四岔路,交叉路口,交叉路口內,柏油,乾燥,無缺陷,無障礙物,良好,良好,行車管制號誌,正常,中央分向島,寛式(50公分以上),禁止變換車道線(附標記),寛式快慢車道分隔島(50公分以上),無,車與車,側撞,駕駛人,違反號誌管制或指揮,死亡1;受傷0,1,小客車,自用,女,46,不明,不明,車的狀態,左轉彎,汽車,右後車尾(身),汽車,右側車身,駕駛人,違反號誌管制或指揮,否,120.993863,24.804672
2019,2,20190221,062000,A1,臺南市政府警察局,臺南市玉井區台20線 35公里東側向路肩,霧或煙,晨或暮光,省道,60,單路部分,直路,路段,路肩、路緣,柏油,乾燥,無缺陷,無障礙物,不良,其他,無號誌,無號誌,雙向禁止超車線,附標記,車道線(無標記),快慢車道分隔線,有,汽(機)車本身,撞路樹、電桿,駕駛人,酒醉(後)駕駛失控,死亡1;受傷0,2,,,無或物(動物、堆置物),-1,,,,,,,,,無(非車輛駕駛人因素),尚未發現肇事因素,否,120.475709,23.111913
2019,2,20190221,062000,A1,臺南市政府警察局,臺南市玉井區台20線 35公里東側向路肩,霧或煙,晨或暮光,省道,60,單路部分,直路,路段,路肩、路緣,柏油,乾燥,無缺陷,無障礙物,不良,其他,無號誌,無號誌,雙向禁止超車線,附標記,車道線(無標記),快慢車道分隔線,有,汽(機)車本身,撞路樹、電桿,駕駛人,酒醉(後)駕駛失控,死亡1;受傷0,1,小客車,自用,男,37,未戴案全帽或未繫安全帶(未使用幼童安全椅),未使用,車的狀態,向前直行中,汽車,前車頭,,,駕駛人,酒醉(後)駕駛失控,否,120.475709,23.111913
2019,2,20190221,092300,A1,高雄市政府警察局,高雄市大寮區中正路近文化路號前0.0公尺,晴,日間自然光線,市區道路,40,單路部分,直路,路段,快車道,柏油,乾燥,無缺陷,無障礙物,良好,良好,無號誌,無號誌,雙向禁止超車線,無標記,未繪設車道線,未繪設快慢車道分隔線,有,人與汽(機)車,其他,駕駛人,未注意車前狀態,死亡1;受傷0,2,人,行人,女,83,其他(行人、慢車駕駛人),不明,人的狀態,步行,其他,不明,其他,不明,行人(或乘客),未依標誌、標線、號誌或手勢指揮穿越道路,否,120.387583,22.618481
2019,2,20190221,092300,A1,高雄市政府警察局,高雄市大寮區中正路近文化路號前0.0公尺,晴,日間自然光線,市區道路,40,單路部分,直路,路段,快車道,柏油,乾燥,無缺陷,無障礙物,良好,良好,無號誌,無號誌,雙向禁止超車線,無標記,未繪設車道線,未繪設快慢車道分隔線,有,人與汽(機)車,其他,駕駛人,未注意車前狀態,死亡1;受傷0,1,小貨車(含客、貨兩用),自用,男,30,戴安全帽或繫安全帶(使用幼童安全椅),未使用,車的狀態,左轉彎,汽車,左前車頭(身),汽車,左前車頭(身),駕駛人,未注意車前狀態,否,120.387583,22.618481
2019,2,20190221,101800,A1,高雄市政府警察局,高雄市鳳山區博愛路239號前0.0公尺,晴,日間自然光線,市區道路,50,單路部分,直路,路段,快車道,柏油,乾燥,無缺陷,無障礙物,良好,良好,無號誌,無號誌,行車分向線,無標記,未繪設車道線,快慢車道分隔線,無,車與車,其他,駕駛人,起步未注意其他車(人)安全,死亡1;受傷1,2,機車,普通重型,男,23,戴安全帽或繫安全帶(使用幼童安全椅),未使用,車的狀態,向前直行中,機車,前車頭,機車,前車頭,駕駛人,超速失控,否,120.369971,22.629392
2019,2,20190221,101800,A1,高雄市政府警察局,高雄市鳳山區博愛路239號前0.0公尺,晴,日間自然光線,市區道路,50,單路部分,直路,路段,快車道,柏油,乾燥,無缺陷,無障礙物,良好,良好,無號誌,無號誌,行車分向線,無標記,未繪設車道線,快慢車道分隔線,無,車與車,其他,駕駛人,起步未注意其他車(人)安全,死亡1;受傷1,1,機車,普通重型,女,70,戴安全帽或繫安全帶(使用幼童安全椅),未使用,車的狀態,起步,機車,左側車身,機車,左側車身,駕駛人,起步未注意其他車(人)安全,否,120.369971,22.629392
2019,2,20190221,121133,A1,桃園市政府警察局,桃園市觀音區崙坪里忠愛路1段307號前0.0公尺南側,晴,日間自然光線,市區道路,50,單路部分,直路,路段,快車道,柏油,乾燥,無缺陷,無障礙物,良好,良好,無號誌,無號誌,雙向禁止超車線,無標記,車道線(無標記),未繪設快慢車道分隔線,有,車與車,側撞,駕駛人,迴轉未依規定,死亡1;受傷0,3,小客車,自用,男,70,不明,不明,車的狀態,靜止(引擎熄火),汽車,右後車尾(身),,,無(車輛駕駛人因素),尚未發現肇事因素,否,121.162019,24.996761
2019,2,20190221,121133,A1,桃園市政府警察局,桃園市觀音區崙坪里忠愛路1段307號前0.0公尺南側,晴,日間自然光線,市區道路,50,單路部分,直路,路段,快車道,柏油,乾燥,無缺陷,無障礙物,良好,良好,無號誌,無號誌,雙向禁止超車線,無標記,車道線(無標記),未繪設快慢車道分隔線,有,車與車,側撞,駕駛人,迴轉未依規定,死亡1;受傷0,2,機車,大型重型1(550C.C.以上),男,24,戴安全帽或繫安全帶(使用幼童安全椅),未使用,車的狀態,向前直行中,機車,前車頭,,,駕駛人,超速失控,否,121.162019,24.996761
2019,2,20190221,121133,A1,桃園市政府警察局,桃園市觀音區崙坪里忠愛路1段307號前0.0公尺南側,晴,日間自然光線,市區道路,50,單路部分,直路,路段,快車道,柏油,乾燥,無缺陷,無障礙物,良好,良好,無號誌,無號誌,雙向禁止超車線,無標記,車道線(無標記),未繪設快慢車道分隔線,有,車與車,側撞,駕駛人,迴轉未依規定,死亡1;受傷0,1,小貨車(含客、貨兩用),自用,男,26,戴安全帽或繫安全帶(使用幼童安全椅),未使用,車的狀態,迴轉或橫越道路中,汽車,右側車身,,,駕駛人,迴轉未依規定,否,121.162019,24.996761