發生年度,發生月份,發生日期,發生時間,事故類別名稱,處理單位名稱警局層,發生地點,天候名稱,光線名稱,道路類別-第1當事者-名稱,速限-第1當事者,道路型態大類別名稱,道路型態子類別名稱,事故位置大類別名稱,事故位置子類別名稱,路面狀況-路面鋪裝名稱,路面狀況-路面狀態名稱,路面狀況-路面缺陷名稱,道路障礙-障礙物名稱,道路障礙-視距品質名稱,道路障礙-視距名稱,號誌-號誌種類名稱,號誌-號誌動作名稱,車道劃分設施-分向設施大類別名稱,車道劃分設施-分向設施子類別名稱,車道劃分設施-分道設施-快車道或一般車道間名稱,車道劃分設施-分道設施-快慢車道間名稱,車道劃分設施-分道設施-路面邊線名稱,事故類型及型態大類別名稱,事故類型及型態子類別名稱,肇因研判大類別名稱-主要,肇因研判子類別名稱-主要,死亡受傷人數,當事者順位,當事者區分-類別-大類別名稱-車種,當事者區分-類別-子類別名稱-車種,當事者屬-性-別名稱,當事者事故發生時年齡,保護裝備名稱,行動電話或電腦或其他相類功能裝置名稱,當事者行動狀態大類別名稱,當事者行動狀態子類別名稱,車輛撞擊部位大類別名稱-最初,車輛撞擊部位子類別名稱-最初,車輛撞擊部位大類別名稱-其他,車輛撞擊部位子類別名稱-其他,肇因研判大類別名稱-個別,肇因研判子類別名稱-個別,肇事逃逸類別名稱-是否肇逃,經度,緯度
2019,4,20190416,152535,A1,南投縣政府警察局,南投縣埔里鎮眉溪旁防汛道路守城枝16左分9電桿處,雨,日間自然光線,村里道路,40,單路部分,直路,路段,一般車道(未劃分快慢車道),柏油,濕潤,無缺陷,無障礙物,良好,良好,無號誌,無號誌,無,無分向設施,未繪設車道線,未繪設快慢車道分隔線,無,汽(機)車本身,撞路樹、電桿,駕駛人,酒醉(後)駕駛失控,死亡1;受傷1,3,人,乘客,男,19,不明,不明,人的狀態,其他,其他,非汽(機)車,,,無(非車輛駕駛人因素),尚未發現肇事因素,否,120.981448,23.985232
2019,4,20190416,180000,A1,宜蘭縣政府警察局,宜蘭縣大同鄉台七線100公里700公尺處,陰,日間自然光線,縣道,50,單路部分,直路,路段,一般車道(未劃分快慢車道),柏油,濕潤,無缺陷,無障礙物,良好,良好,無號誌,無號誌,中央分向島,寛式(50公分以上),車道線(附標記),窄式快慢車道分隔島(無柵欄),有,車與車,側撞,駕駛人,左轉彎未依規定,死亡1;受傷0,1,小客車,自用,男,62,戴安全帽或繫安全帶(使用幼童安全椅),未使用,車的狀態,左轉彎,汽車,右側車身,汽車,左前車頭(身),駕駛人,左轉彎未依規定,否,121.712595,24.726688
2019,4,20190416,180000,A1,宜蘭縣政府警察局,宜蘭縣大同鄉台七線100公里700公尺處,陰,日間自然光線,縣道,50,單路部分,直路,路段,一般車道(未劃分快慢車道),柏油,濕潤,無缺陷,無障礙物,良好,良好,無號誌,無號誌,中央分向島,寛式(50公分以上),車道線(附標記),窄式快慢車道分隔島(無柵欄),有,車與車,側撞,駕駛人,左轉彎未依規定,死亡1;受傷0,2,機車,普通重型,男,38,未戴案全帽或未繫安全帶(未使用幼童安全椅),未使用,車的狀態,向前直行中,機車,前車頭,機車,左側車身,駕駛人,未依規定減速,否,121.712595,24.726688
2019,4,20190417,085400,A1,高雄市政府警察局,高雄市路竹區金平路273巷2號前0.0公尺前,晴,日間自然光線,市區道路,50,單路部分,直路,路段,一般車道(未劃分快慢車道),柏油,乾燥,無缺陷,無障礙物,良好,良好,無號誌,無號誌,雙向禁止超車線,無標記,車道線(無標記),未繪設快慢車道分隔線,有,車與車,追撞,駕駛人,變換車道或方向不當,死亡1;受傷0,2,機車,普通重型,男,81,戴安全帽或繫安全帶(使用幼童安全椅),未使用,車的狀態,向前直行中,機車,前車頭,機車,前車頭,駕駛人,未注意車前狀態,否,120.268000,22.869650
2019,4,20190417,085400,A1,高雄市政府警察局,高雄市路竹區金平路273巷2號前0.0公尺前,晴,日間自然光線,市區道路,50,單路部分,直路,路段,一般車道(未劃分快慢車道),柏油,乾燥,無缺陷,無障礙物,良好,良好,無號誌,無號誌,雙向禁止超車線,無標記,車道線(無標記),未繪設快慢車道分隔線,有,車與車,追撞,駕駛人,變換車道或方向不當,死亡1;受傷0,1,機車,普通重型,女,77,戴安全帽或繫安全帶(使用幼童安全椅),未使用,車的狀態,向右變換車道,機車,後車尾,機車,後車尾,駕駛人,變換車道或方向不當,是,120.268000,22.869650
2019,4,20190417,130400,A1,嘉義縣警察局,嘉義縣新港鄉月眉村159線與嘉66線路口,晴,日間自然光線,縣道,60,交岔路,三岔路,交叉路口,交叉路口內,柏油,乾燥,無缺陷,無障礙物,良好,良好,行車管制號誌,正常,無,無分向設施,未繪設車道線,未繪設快慢車道分隔線,無,車與車,側撞,駕駛人,左轉彎未依規定,死亡1;受傷0,1,機車,普通重型,男,76,戴安全帽或繫安全帶(使用幼童安全椅),未使用,車的狀態,左轉彎,機車,左側車身,,,駕駛人,左轉彎未依規定,否,120.359876,23.515577
2019,4,20190417,130400,A1,嘉義縣警察局,嘉義縣新港鄉月眉村159線與嘉66線路口,晴,日間自然光線,縣道,60,交岔路,三岔路,交叉路口,交叉路口內,柏油,乾燥,無缺陷,無障礙物,良好,良好,行車管制號誌,正常,無,無分向設施,未繪設車道線,未繪設快慢車道分隔線,無,車與車,側撞,駕駛人,左轉彎未依規定,死亡1;受傷0,2,小貨車(含客、貨兩用),自用,男,60,戴安全帽或繫安全帶(使用幼童安全椅),未使用,車的狀態,向前直行中,汽車,右側車身,,,駕駛人,未注意車前狀態,否,120.359876,23.515577
2019,4,20190417,145000,A1,臺北市政府警察局,臺北市大同區長安西路66號前0.0公尺,晴,日間自然光線,市區道路,50,單路部分,直路,路段,一般車道(未劃分快慢車道),柏油,乾燥,無缺陷,無障礙物,良好,良好,閃光號誌,正常,行車分向線,無標記,未繪設車道線,未繪設快慢車道分隔線,有,車與車,側撞,駕駛人,變換車道或方向不當,死亡1;受傷0,3,小客車,自用,男,36,不明,不明,車的狀態,左轉彎,汽車,左側車身,汽車,左側車身,駕駛人,未注意車前狀態,否,121.519591,25.050224
2019,4,20190417,145000,A1,臺北市政府警察局,臺北市大同區長安西路66號前0.0公尺,晴,日間自然光線,市區道路,50,單路部分,直路,路段,一般車道(未劃分快慢車道),柏油,乾燥,無缺陷,無障礙物,良好,良好,閃光號誌,正常,行車分向線,無標記,未繪設車道線,未繪設快慢車道分隔線,有,車與車,側撞,駕駛人,變換車道或方向不當,死亡1;受傷0,1,機車,普通重型,男,75,不明,不明,車的狀態,向左變換車道,機車,左側車身,機車,左側車身,駕駛人,變換車道或方向不當,否,121.519591,25.050224
2019,4,20190417,145000,A1,臺北市政府警察局,臺北市大同區長安西路66號前0.0公尺,晴,日間自然光線,市區道路,50,單路部分,直路,路段,一般車道(未劃分快慢車道),柏油,乾燥,無缺陷,無障礙物,良好,良好,閃光號誌,正常,行車分向線,無標記,未繪設車道線,未繪設快慢車道分隔線,有,車與車,側撞,駕駛人,變換車道或方向不當,死亡1;受傷0,2,小貨車(含客、貨兩用),自用,男,58,不明,不明,車的狀態,向前直行中,汽車,右側車身,汽車,右側車身,無(車輛駕駛人因素),尚未發現肇事因素,否,121.519591,25.050224
2019,4,20190417,155200,A1,臺中市政府警察局,臺中市太平區新城里樹孝路274巷前0.0公尺,晴,日間自然光線,市區道路,50,交岔路,四岔路,交叉路口,交叉路口內,柏油,乾燥,無缺陷,無障礙物,良好,良好,行車管制號誌,正常,無,無分向設施,未繪設車道線,未繪設快慢車道分隔線,無,車與車,側撞,駕駛人,違反特定標誌(線)禁制,死亡1;受傷0,2,慢車,腳踏自行車,女,79,其他(行人、慢車駕駛人),非汽(機)車駕駛人,車的狀態,左轉彎,其他,非汽(機)車,,,駕駛人,左轉彎未依規定,否,120.778337,24.153778
2019,4,20190417,155200,A1,臺中市政府警察局,臺中市太平區新城里樹孝路274巷前0.0公尺,晴,日間自然光線,市區道路,50,交岔路,四岔路,交叉路口,交叉路口內,柏油,乾燥,無缺陷,無障礙物,良好,良好,行車管制號誌,正常,無,無分向設施,未繪設車道線,未繪設快慢車道分隔線,無,車與車,側撞,駕駛人,違反特定標誌(線)禁制,死亡1;受傷0,1,特種車,救護車,男,44,戴安全帽或繫安全帶(使用幼童安全椅),未使用,車的狀態,向前直行中,汽車,右前車頭(身),,,駕駛人,違反特定標誌(線)禁制,否,120.778337,24.153778
2019,4,20190417,171700,A1,臺中市政府警察局,臺中市西屯區港尾里中科路前0.0公尺,晴,日間自然光線,市區道路,50,交岔路,四岔路,交叉路口,交叉路口內,柏油,乾燥,無缺陷,無障礙物,良好,良好,閃光號誌,正常,行車分向線,附標記,車道線(附標記),快慢車道分隔線,有,車與車,側撞,駕駛人,未依規定讓車,死亡1;受傷1,1,機車,普通重型,男,68,戴安全帽或繫安全帶(使用幼童安全椅),未使用,車的狀態,向前直行中,機車,前車頭,,,駕駛人,未依規定讓車,否,120.656455,24.190036
2019,4,20190417,171700,A1,臺中市政府警察局,臺中市西屯區港尾里中科路前0.0公尺,晴,日間自然光線,市區道路,50,交岔路,四岔路,交叉路口,交叉路口內,柏油,乾燥,無缺陷,無障礙物,良好,良好,閃光號誌,正常,行車分向線,附標記,車道線(附標記),快慢車道分隔線,有,車與車,側撞,駕駛人,未依規定讓車,死亡1;受傷1,2,小客車,自用,男,37,戴安全帽或繫安全帶(使用幼童安全椅),未使用,車的狀態,向前直行中,汽車,左側車身,,,駕駛人,未依規定減速,否,120.656455,24.190036
2019,4,20190417,181051,A1,宜蘭縣政府警察局,宜蘭縣壯圍鄉新社路74號前0.0公尺,晴,夜間(或隧道、地下道、涵洞)有照明,村里道路,40,單路部分,直路,路段,一般車道(未劃分快慢車道),柏油,乾燥,無缺陷,無障礙物,良好,良好,無號誌,無號誌,行車分向線,無標記,未繪設車道線,未繪設快慢車道分隔線,有,人與汽(機)車,穿越道路中,駕駛人,未注意車前狀態,死亡1;受傷1,1,機車,普通重型,男,16,戴安全帽或繫安全帶(使用幼童安全椅),未使用,車的狀態,向前直行中,機車,左側車身,,,駕駛人,未注意車前狀態,否,121.812275,24.779988
2019,4,20190417,181051,A1,宜蘭縣政府警察局,宜蘭縣壯圍鄉新社路74號前0.0公尺,晴,夜間(或隧道、地下道、涵洞)有照明,村里道路,40,單路部分,直路,路段,一般車道(未劃分快慢車道),柏油,乾燥,無缺陷,無障礙物,良好,良好,無號誌,無號誌,行車分向線,無標記,未繪設車道線,未繪設快慢車道分隔線,有,人與汽(機)車,穿越道路中,駕駛人,未注意車前狀態,死亡1;受傷1,2,人,行人,女,71,其他(行人、慢車駕駛人),非汽(機)車駕駛人,人的狀態,步行,其他,非汽(機)車,,,行人(或乘客),穿越道路未注意左右來車,否,121.812275,24.779988
2019,4,20190417,182800,A1,高雄市政府警察局,高雄市路竹區社龍街 / 高雄市路竹區倫理街,晴,晨或暮光,市區道路,50,交岔路,四岔路,交叉路口,交叉路口內,柏油,乾燥,無缺陷,無障礙物,良好,良好,無號誌,無號誌,無,無分向設施,未繪設車道線,未繪設快慢車道分隔線,有,車與車,路口交岔撞,駕駛人,未依規定讓車,死亡1;受傷0,1,機車,普通重型,男,69,戴安全帽或繫安全帶(使用幼童安全椅),未使用,車的狀態,向前直行中,機車,前車頭,機車,前車頭,駕駛人,未依規定讓車,否,120.264457,22.862612
2019,4,20190417,182800,A1,高雄市政府警察局,高雄市路竹區社龍街 / 高雄市路竹區倫理街,晴,晨或暮光,市區道路,50,交岔路,四岔路,交叉路口,交叉路口內,柏油,乾燥,無缺陷,無障礙物,良好,良好,無號誌,無號誌,無,無分向設施,未繪設車道線,未繪設快慢車道分隔線,有,車與車,路口交岔撞,駕駛人,未依規定讓車,死亡1;受傷0,2,小貨車(含客、貨兩用),自用,男,47,戴安全帽或繫安全帶(使用幼童安全椅),未使用,車的狀態,向前直行中,汽車,左前車頭(身),汽車,左前車頭(身),駕駛人,未依規定減速,否,120.264457,22.862612
2019,4,20190418,001056,A1,國道公路警察局,臺中市西屯區國道1號 177公里500.0公尺處南側向內側,晴,夜間(或隧道、地下道、涵洞)無照明,國道,110,單路部分,直路,路段,快車道,柏油,乾燥,無缺陷,其他障礙物,良好,良好,無號誌,無號誌,中央分向島,寛式(50公分以上),車道線(附標記),未繪設快慢車道分隔線,有,人與汽(機)車,穿越道路中,行人(或乘客),其他引起事故之疏失或行為,死亡1;受傷0,1,人,行人,男,56,其他(行人、慢車駕駛人),非汽(機)車駕駛人,人的狀態,奔跑,其他,非汽(機)車,,,行人(或乘客),其他引起事故之疏失或行為,否,120.636473,24.186283
2019,4,20190418,001056,A1,國道公路警察局,臺中市西屯區國道1號 177公里500.0公尺處南側向內側,晴,夜間(或隧道、地下道、涵洞)無照明,國道,110,單路部分,直路,路段,快車道,柏油,乾燥,無缺陷,其他障礙物,良好,良好,無號誌,無號誌,中央分向島,寛式(50公分以上),車道線(附標記),未繪設快慢車道分隔線,有,人與汽(機)車,穿越道路中,行人(或乘客),其他引起事故之疏失或行為,死亡1;受傷0,2,小貨車(含客、貨兩用),自用,男,39,戴安全帽或繫安全帶(使用幼童安全椅),未使用,車的狀態,向前直行中,汽車,右前車頭(身),,,駕駛人,未注意車前狀態,否,120.636473,24.186283
2019,4,20190418,001056,A1,國道公路警察局,臺中市西屯區國道1號 177公里500.0公尺處南側向內側,晴,夜間(或隧道、地下道、涵洞)無照明,國道,110,單路部分,直路,路段,快車道,柏油,乾燥,無缺陷,其他障礙物,良好,良好,無號誌,無號誌,中央分向島,寛式(50公分以上),車道線(附標記),未繪設快慢車道分隔線,有,人與汽(機)車,穿越道路中,行人(或乘客),其他引起事故之疏失或行為,死亡1;受傷0,3,小貨車(含客、貨兩用),自用,男,36,戴安全帽或繫安全帶(使用幼童安全椅),未使用,車的狀態,向前直行中,汽車,左前車頭(身),,,無(車輛駕駛人因素),尚未發現肇事因素,否,120.636473,24.186283
2019,4,20190418,051048,A1,南投縣政府警察局,南投縣竹山鎮縣149線 10.5公里95.0公尺處北側,晴,晨或暮光,縣道,40,單路部分,直路,路段,一般車道(未劃分快慢車道),柏油,乾燥,無缺陷,無障礙物,良好,良好,無號誌,無號誌,行車分向線,無標記,車道線(無標記),未繪設快慢車道分隔線,有,車與車,同向擦撞,其他,不明原因肇事,死亡1;受傷1,2,機車,普通重型,女,66,戴安全帽或繫安全帶(使用幼童安全椅),未使用,車的狀態,向前直行中,機車,前車頭,,,其他,不明原因肇事,否,120.664794,23.678876
2019,4,20190418,051048,A1,南投縣政府警察局,南投縣竹山鎮縣149線 10.5公里95.0公尺處北側,晴,晨或暮光,縣道,40,單路部分,直路,路段,一般車道(未劃分快慢車道),柏油,乾燥,無缺陷,無障礙物,良好,良好,無號誌,無號誌,行車分向線,無標記,車道線(無標記),未繪設快慢車道分隔線,有,車與車,同向擦撞,其他,不明原因肇事,死亡1;受傷1,1,機車,普通重型,男,29,戴安全帽或繫安全帶(使用幼童安全椅),未使用,車的狀態,向前直行中,機車,右側車身,,,其他,不明原因肇事,是,120.664794,23.678876
2019,4,20190418,084502,A1,臺南市政府警察局,臺南市仁德區文華路二段近保生東路,晴,日間自然光線,其他,50,單路部分,直路,路段,路肩、路緣,柏油,乾燥,無缺陷,無障礙物,良好,良好,無號誌,無號誌,中央分向島,寛式(50公分以上),車道線(無標記),未繪設快慢車道分隔線,有,汽(機)車本身,其他,駕駛人,未注意車前狀態,死亡1;受傷0,2,,,無或物(動物、堆置物),-1,,,,,,,,,無(非車輛駕駛人因素),尚未發現肇事因素,否,120.232598,22.950872
2019,4,20190418,084502,A1,臺南市政府警察局,臺南市仁德區文華路二段近保生東路,晴,日間自然光線,其他,50,單路部分,直路,路段,路肩、路緣,柏油,乾燥,無缺陷,無障礙物,良好,良好,無號誌,無號誌,中央分向島,寛式(50公分以上),車道線(無標記),未繪設快慢車道分隔線,有,汽(機)車本身,其他,駕駛人,未注意車前狀態,死亡1;受傷0,1,機車,普通重型,女,55,不明,不明,車的狀態,向前直行中,其他,不明,,,駕駛人,未注意車前狀態,否,120.232598,22.950872
2019,4,20190418,111600,A1,嘉義縣警察局,嘉義縣朴子市竹村里台19線與村里道路(口),晴,日間自然光線,省道,50,交岔路,四岔路,交叉路口,交叉路口內,柏油,乾燥,無缺陷,無障礙物,良好,良好,行車管制號誌,正常,無,無分向設施,未繪設車道線,未繪設快慢車道分隔線,無,車與車,路口交岔撞,駕駛人,違反號誌管制或指揮,死亡1;受傷0,1,小客車,自用,男,34,不明,不明,車的狀態,向前直行中,汽車,右前車頭(身),,,駕駛人,違反號誌管制或指揮,否,120.245532,23.442860
2019,4,20190418,111600,A1,嘉義縣警察局,嘉義縣朴子市竹村里台19線與村里道路(口),晴,日間自然光線,省道,50,交岔路,四岔路,交叉路口,交叉路口內,柏油,乾燥,無缺陷,無障礙物,良好,良好,行車管制號誌,正常,無,無分向設施,未繪設車道線,未繪設快慢車道分隔線,無,車與車,路口交岔撞,駕駛人,違反號誌管制或指揮,死亡1;受傷0,2,機車,普通重型,女,45,不明,不明,車的狀態,向前直行中,機車,左側車身,,,無(車輛駕駛人因素),尚未發現肇事因素,否,120.245532,23.442860
2019,4,20190418,191200,A1,新竹縣政府警察局,新竹縣湖口鄉東楊路196巷前0.0公尺口,晴,夜間(或隧道、地下道、涵洞)有照明,村里道路,40,單路部分,直路,路段,一般車道(未劃分快慢車道),柏油,乾燥,突出(高低)不平,無障礙物,良好,良好,無號誌,無號誌,無,無分向設施,未繪設車道線,未繪設快慢車道分隔線,無,汽(機)車本身,撞路樹、電桿,其他,不明原因肇事,死亡1;受傷0,2,,,無或物(動物、堆置物),-1,,,,,,,,,無(非車輛駕駛人因素),尚未發現肇事因素,否,121.058438,24.914417
2019,4,20190418,191200,A1,新竹縣政府警察局,新竹縣湖口鄉東楊路196巷前0.0公尺口,晴,夜間(或隧道、地下道、涵洞)有照明,村里道路,40,單路部分,直路,路段,一般車道(未劃分快慢車道),柏油,乾燥,突出(高低)不平,無障礙物,良好,良好,無號誌,無號誌,無,無分向設施,未繪設車道線,未繪設快慢車道分隔線,無,汽(機)車本身,撞路樹、電桿,其他,不明原因肇事,死亡1;受傷0,1,慢車,微型電動二輪車,男,68,其他(行人、慢車駕駛人),非汽(機)車駕駛人,人的狀態,不明,其他,非汽(機)車,,,其他,不明原因肇事,否,121.058438,24.914417
2019,4,20190419,080700,A1,高雄市政府警察局,高雄市仁武區鳳仁路68號前0.0公尺,晴,日間自然光線,市區道路,60,單路部分,直路,路段,慢車道,柏油,乾燥,無缺陷,無障礙物,良好,良好,無號誌,無號誌,中央分向島,寛式(50公分以上),車道線(無標記),快慢車道分隔線,有,車與車,同向擦撞,駕駛人,未保持行車安全間隔,死亡1;受傷0,1,機車,普通重型,男,23,戴安全帽或繫安全帶(使用幼童安全椅),未使用,車的狀態,向前直行中,其他,不明,其他,不明,駕駛人,未保持行車安全間隔,否,120.355316,22.681871
2019,4,20190419,080700,A1,高雄市政府警察局,高雄市仁武區鳳仁路68號前0.0公尺,晴,日間自然光線,市區道路,60,單路部分,直路,路段,慢車道,柏油,乾燥,無缺陷,無障礙物,良好,良好,無號誌,無號誌,中央分向島,寛式(50公分以上),車道線(無標記),快慢車道分隔線,有,車與車,同向擦撞,駕駛人,未保持行車安全間隔,死亡1;受傷0,2,曳引車,營業用,男,56,戴安全帽或繫安全帶(使用幼童安全椅),未使用,車的狀態,向前直行中,汽車,右後車尾(身),汽車,右後車尾(身),駕駛人,未保持行車安全間隔,否,120.355316,22.681871
2019,4,20190419,091000,A1,臺中市政府警察局,臺中市大甲區德化里賢仁路前0.0公尺,陰,日間自然光線,市區道路,40,單路部分,直路,路段,一般車道(未劃分快慢車道),柏油,乾燥,無缺陷,無障礙物,良好,良好,無號誌,無號誌,無,無分向設施,未繪設車道線,未繪設快慢車道分隔線,無,車與車,其他,其他,不明原因肇事,死亡1;受傷0,1,機車,普通重型,男,84,戴安全帽或繫安全帶(使用幼童安全椅),未使用,車的狀態,向前直行中,機車,右側車身,,,其他,不明原因肇事,否,120.623309,24.361534
2019,4,20190419,091000,A1,臺中市政府警察局,臺中市大甲區德化里賢仁路前0.0公尺,陰,日間自然光線,市區道路,40,單路部分,直路,路段,一般車道(未劃分快慢車道),柏油,乾燥,無缺陷,無障礙物,良好,良好,無號誌,無號誌,無,無分向設施,未繪設車道線,未繪設快慢車道分隔線,無,車與車,其他,其他,不明原因肇事,死亡1;受傷0,2,小客車,自用,男,43,未戴案全帽或未繫安全帶(未使用幼童安全椅),未使用,車的狀態,靜止(引擎熄火),汽車,左前車頭(身),,,無(車輛駕駛人因素),尚未發現肇事因素,否,120.623309,24.361534
2019,4,20190419,095300,A1,新北市政府警察局,新北市三重區光復路1段30巷28號前0.0公尺,陰,日間自然光線,市區道路,40,單路部分,直路,路段,一般車道(未劃分快慢車道),柏油,乾燥,無缺陷,無障礙物,良好,良好,無號誌,無號誌,無,無分向設施,未繪設車道線,未繪設快慢車道分隔線,有,人與汽(機)車,穿越道路中,行人(或乘客),穿越道路未注意左右來車,死亡1;受傷0,1,人,行人,男,53,戴安全帽或繫安全帶(使用幼童安全椅),未使用,人的狀態,步行,其他,非汽(機)車,其他,非汽(機)車,行人(或乘客),穿越道路未注意左右來車,否,121.470823,25.046991
2019,4,20190419,095300,A1,新北市政府警察局,新北市三重區光復路1段30巷28號前0.0公尺,陰,日間自然光線,市區道路,40,單路部分,直路,路段,一般車道(未劃分快慢車道),柏油,乾燥,無缺陷,無障礙物,良好,良好,無號誌,無號誌,無,無分向設施,未繪設車道線,未繪設快慢車道分隔線,有,人與汽(機)車,穿越道路中,行人(或乘客),穿越道路未注意左右來車,死亡1;受傷0,2,小貨車(含客、貨兩用),自用,男,34,戴安全帽或繫安全帶(使用幼童安全椅),未使用,車的狀態,向前直行中,汽車,前車頭,汽車,前車頭,駕駛人,未注意車前狀態,否,121.470823,25.046991
2019,4,20190419,122500,A1,臺南市政府警察局,臺南市新市區大營里省道臺1線口 / 臺南市新市區大營里大營口,陰,日間自然光線,省道,70,交岔路,三岔路,交叉路口,交叉路口內,柏油,乾燥,無缺陷,無障礙物,良好,良好,閃光號誌,正常,中央分向島,寛式(50公分以上),車道線(無標記),快慢車道分隔線,有,車與車,其他,駕駛人,未依規定讓車,死亡1;受傷3,4,人,乘客,男,1,不明,非汽(機)車駕駛人,人的狀態,其他,其他,非汽(機)車,,,無(非車輛駕駛人因素),尚未發現肇事因素,否,120.311544,23.094528
2019,4,20190419,122500,A1,臺南市政府警察局,臺南市新市區大營里省道臺1線口 / 臺南市新市區大營里大營口,陰,日間自然光線,省道,70,交岔路,三岔路,交叉路口,交叉路口內,柏油,乾燥,無缺陷,無障礙物,良好,良好,閃光號誌,正常,中央分向島,寛式(50公分以上),車道線(無標記),快慢車道分隔線,有,車與車,其他,駕駛人,未依規定讓車,死亡1;受傷3,1,機車,普通重型,女,25,戴安全帽或繫安全帶(使用幼童安全椅),未使用,車的狀態,其他,機車,右側車身,,,駕駛人,未依規定讓車,否,120.311544,23.094528
2019,4,20190419,122500,A1,臺南市政府警察局,臺南市新市區大營里省道臺1線口 / 臺南市新市區大營里大營口,陰,日間自然光線,省道,70,交岔路,三岔路,交叉路口,交叉路口內,柏油,乾燥,無缺陷,無障礙物,良好,良好,閃光號誌,正常,中央分向島,寛式(50公分以上),車道線(無標記),快慢車道分隔線,有,車與車,其他,駕駛人,未依規定讓車,死亡1;受傷3,5,人,乘客,女,19,戴安全帽或繫安全帶(使用幼童安全椅),未使用,人的狀態,其他,其他,非汽(機)車,,,無(非車輛駕駛人因素),尚未發現肇事因素,否,120.311544,23.094528
2019,4,20190419,122500,A1,臺南市政府警察局,臺南市新市區大營里省道臺1線口 / 臺南市新市區大營里大營口,陰,日間自然光線,省道,70,交岔路,三岔路,交叉路口,交叉路口內,柏油,乾燥,無缺陷,無障礙物,良好,良好,閃光號誌,正常,中央分向島,寛式(50公分以上),車道線(無標記),快慢車道分隔線,有,車與車,其他,駕駛人,未依規定讓車,死亡1;受傷3,3,機車,普通重型,女,19,戴安全帽或繫安全帶(使用幼童安全椅),未使用,車的狀態,向前直行中,機車,後車尾,,,無(車輛駕駛人因素),尚未發現肇事因素,否,120.311544,23.094528
2019,4,20190419,122500,A1,臺南市政府警察局,臺南市新市區大營里省道臺1線口 / 臺南市新市區大營里大營口,陰,日間自然光線,省道,70,交岔路,三岔路,交叉路口,交叉路口內,柏油,乾燥,無缺陷,無障礙物,良好,良好,閃光號誌,正常,中央分向島,寛式(50公分以上),車道線(無標記),快慢車道分隔線,有,車與車,其他,駕駛人,未依規定讓車,死亡1;受傷3,2,小貨車(含客、貨兩用),自用,男,32,戴安全帽或繫安全帶(使用幼童安全椅),未使用,車的狀態,向前直行中,汽車,右前車頭(身),,,駕駛人,未注意車前狀態,否,120.311544,23.094528
2019,4,20190419,165823,A1,國道公路警察局,基隆市暖暖區國道1號 2公里500.0公尺處南側向交流道,陰,日間自然光線,國道,50,單路部分,直路,交流道,直線匝道,柏油,乾燥,無缺陷,無障礙物,良好,良好,無號誌,無號誌,雙向禁止超車線,無標記,禁止變換車道線(無標記),未繪設快慢車道分隔線,有,車與車,對撞,駕駛人,違反特定標誌(線)禁制,死亡1;受傷1,3,,,無或物(動物、堆置物),-1,,,,,,,,,無(非車輛駕駛人因素),尚未發現肇事因素,否,121.681838,25.085951
2019,4,20190419,165823,A1,國道公路警察局,基隆市暖暖區國道1號 2公里500.0公尺處南側向交流道,陰,日間自然光線,國道,50,單路部分,直路,交流道,直線匝道,柏油,乾燥,無缺陷,無障礙物,良好,良好,無號誌,無號誌,雙向禁止超車線,無標記,禁止變換車道線(無標記),未繪設快慢車道分隔線,有,車與車,對撞,駕駛人,違反特定標誌(線)禁制,死亡1;受傷1,1,小客車,自用,男,19,戴安全帽或繫安全帶(使用幼童安全椅),不明,車的狀態,向前直行中,汽車,左前車頭(身),汽車,左側車身,駕駛人,違反特定標誌(線)禁制,否,121.681838,25.085951
2019,4,20190419,165823,A1,國道公路警察局,基隆市暖暖區國道1號 2公里500.0公尺處南側向交流道,陰,日間自然光線,國道,50,單路部分,直路,交流道,直線匝道,柏油,乾燥,無缺陷,無障礙物,良好,良好,無號誌,無號誌,雙向禁止超車線,無標記,禁止變換車道線(無標記),未繪設快慢車道分隔線,有,車與車,對撞,駕駛人,違反特定標誌(線)禁制,死亡1;受傷1,2,半聯結車,營業用,男,49,戴安全帽或繫安全帶(使用幼童安全椅),未使用,車的狀態,向前直行中,汽車,左前車頭(身),汽車,右前車頭(身),無(車輛駕駛人因素),尚未發現肇事因素,否,121.681838,25.085951
2019,4,20190419,214500,A1,基隆市警察局,基隆市中正區北寧路 / 基隆市中正區新豐街,陰,夜間(或隧道、地下道、涵洞)有照明,市區道路,50,單路部分,直路,路段,快車道,柏油,乾燥,無缺陷,無障礙物,良好,良好,無號誌,無號誌,雙向禁止超車線,無標記,車道線(無標記),快慢車道分隔線,有,車與車,對撞,駕駛人,逆向行駛,死亡1;受傷0,1,機車,普通重型,男,71,戴安全帽或繫安全帶(使用幼童安全椅),未使用,車的狀態,向前直行中,機車,前車頭,機車,前車頭,駕駛人,逆向行駛,否,121.788281,25.143497
2019,4,20190419,214500,A1,基隆市警察局,基隆市中正區北寧路 / 基隆市中正區新豐街,陰,夜間(或隧道、地下道、涵洞)有照明,市區道路,50,單路部分,直路,路段,快車道,柏油,乾燥,無缺陷,無障礙物,良好,良好,無號誌,無號誌,雙向禁止超車線,無標記,車道線(無標記),快慢車道分隔線,有,車與車,對撞,駕駛人,逆向行駛,死亡1;受傷0,2,小貨車(含客、貨兩用),自用,男,52,戴安全帽或繫安全帶(使用幼童安全椅),未使用,車的狀態,向前直行中,汽車,前車頭,汽車,前車頭,駕駛人,未注意車前狀態,否,121.788281,25.143497