發生年度,發生月份,發生日期,發生時間,事故類別名稱,處理單位名稱警局層,發生地點,天候名稱,光線名稱,道路類別-第1當事者-名稱,速限-第1當事者,道路型態大類別名稱,道路型態子類別名稱,事故位置大類別名稱,事故位置子類別名稱,路面狀況-路面鋪裝名稱,路面狀況-路面狀態名稱,路面狀況-路面缺陷名稱,道路障礙-障礙物名稱,道路障礙-視距品質名稱,道路障礙-視距名稱,號誌-號誌種類名稱,號誌-號誌動作名稱,車道劃分設施-分向設施大類別名稱,車道劃分設施-分向設施子類別名稱,車道劃分設施-分道設施-快車道或一般車道間名稱,車道劃分設施-分道設施-快慢車道間名稱,車道劃分設施-分道設施-路面邊線名稱,事故類型及型態大類別名稱,事故類型及型態子類別名稱,肇因研判大類別名稱-主要,肇因研判子類別名稱-主要,死亡受傷人數,當事者順位,當事者區分-類別-大類別名稱-車種,當事者區分-類別-子類別名稱-車種,當事者屬-性-別名稱,當事者事故發生時年齡,保護裝備名稱,行動電話或電腦或其他相類功能裝置名稱,當事者行動狀態大類別名稱,當事者行動狀態子類別名稱,車輛撞擊部位大類別名稱-最初,車輛撞擊部位子類別名稱-最初,車輛撞擊部位大類別名稱-其他,車輛撞擊部位子類別名稱-其他,肇因研判大類別名稱-個別,肇因研判子類別名稱-個別,肇事逃逸類別名稱-是否肇逃,經度,緯度
2019,5,20190527,125000,A1,臺中市政府警察局,臺中市大甲區日南里工六路前0.0公尺,雨,日間自然光線,市區道路,50,交岔路,四岔路,交叉路口,交叉路口內,柏油,濕潤,無缺陷,無障礙物,良好,良好,無號誌,無號誌,無,無分向設施,未繪設車道線,未繪設快慢車道分隔線,無,車與車,路口交岔撞,駕駛人,未依規定讓車,死亡1;受傷1,2,小客車,自用,女,44,戴安全帽或繫安全帶(使用幼童安全椅),未使用,車的狀態,向前直行中,汽車,前車頭,,,駕駛人,未依規定減速,否,120.654554,24.397725
2019,5,20190527,133000,A1,臺北市政府警察局,臺北市萬華區環河南路2段 / 臺北市萬華區環河南路2段,雨,日間自然光線,市區道路,50,交岔路,四岔路,交叉路口,交叉口附近,柏油,濕潤,無缺陷,無障礙物,良好,良好,行車管制號誌(附設行人專用號誌),正常,中央分向島,寛式(50公分以上),車道線(無標記),未繪設快慢車道分隔線,無,車與車,路口交岔撞,駕駛人,違反號誌管制或指揮,死亡1;受傷0,1,慢車,腳踏自行車,男,80,其他(行人、慢車駕駛人),非汽(機)車駕駛人,車的狀態,向前直行中,其他,非汽(機)車,其他,非汽(機)車,駕駛人,違反號誌管制或指揮,否,121.492117,25.032841
2019,5,20190527,133000,A1,臺北市政府警察局,臺北市萬華區環河南路2段 / 臺北市萬華區環河南路2段,雨,日間自然光線,市區道路,50,交岔路,四岔路,交叉路口,交叉口附近,柏油,濕潤,無缺陷,無障礙物,良好,良好,行車管制號誌(附設行人專用號誌),正常,中央分向島,寛式(50公分以上),車道線(無標記),未繪設快慢車道分隔線,無,車與車,路口交岔撞,駕駛人,違反號誌管制或指揮,死亡1;受傷0,2,機車,大型重型2(250-550C.C.),男,19,戴安全帽或繫安全帶(使用幼童安全椅),未使用,車的狀態,向前直行中,機車,前車頭,機車,前車頭,駕駛人,違反號誌管制或指揮,否,121.492117,25.032841
2019,5,20190527,135900,A1,國道公路警察局,桃園市大園區國道2號 2公里西側向輔助,晴,日間自然光線,國道,100,單路部分,直路,路段,一般車道(未劃分快慢車道),柏油,乾燥,無缺陷,無障礙物,良好,良好,無號誌,無號誌,中央分向島,寛式(50公分以上),車道線(附標記),未繪設快慢車道分隔線,有,車與車,追撞,駕駛人,未注意車前狀態,死亡1;受傷0,1,小貨車(含客、貨兩用),營業用,男,37,戴安全帽或繫安全帶(使用幼童安全椅),未使用,車的狀態,向前直行中,汽車,前車頭,,,駕駛人,未注意車前狀態,否,121.213828,25.056851
2019,5,20190527,135900,A1,國道公路警察局,桃園市大園區國道2號 2公里西側向輔助,晴,日間自然光線,國道,100,單路部分,直路,路段,一般車道(未劃分快慢車道),柏油,乾燥,無缺陷,無障礙物,良好,良好,無號誌,無號誌,中央分向島,寛式(50公分以上),車道線(附標記),未繪設快慢車道分隔線,有,車與車,追撞,駕駛人,未注意車前狀態,死亡1;受傷0,3,小客車,自用,男,58,戴安全帽或繫安全帶(使用幼童安全椅),未使用,車的狀態,等待(引擎未熄火),汽車,後車尾,,,無(車輛駕駛人因素),尚未發現肇事因素,否,121.213828,25.056851
2019,5,20190527,135900,A1,國道公路警察局,桃園市大園區國道2號 2公里西側向輔助,晴,日間自然光線,國道,100,單路部分,直路,路段,一般車道(未劃分快慢車道),柏油,乾燥,無缺陷,無障礙物,良好,良好,無號誌,無號誌,中央分向島,寛式(50公分以上),車道線(附標記),未繪設快慢車道分隔線,有,車與車,追撞,駕駛人,未注意車前狀態,死亡1;受傷0,2,大貨車,自用,男,30,戴安全帽或繫安全帶(使用幼童安全椅),未使用,車的狀態,等待(引擎未熄火),汽車,右後車尾(身),汽車,右前車頭(身),無(車輛駕駛人因素),尚未發現肇事因素,否,121.213828,25.056851
2019,5,20190528,062723,A1,苗栗縣警察局,苗栗縣頭份市文化里信東路二段與翠亨路口,陰,日間自然光線,市區道路,50,交岔路,四岔路,交叉路口,交叉路口內,柏油,乾燥,無缺陷,無障礙物,良好,良好,閃光號誌,正常,無,無分向設施,未繪設車道線,未繪設快慢車道分隔線,無,車與車,路口交岔撞,駕駛人,未依規定讓車,死亡1;受傷0,2,小客車,自用,女,41,戴安全帽或繫安全帶(使用幼童安全椅),未使用,車的狀態,向前直行中,汽車,左前車頭(身),,,駕駛人,未依規定減速,否,120.900594,24.698348
2019,5,20190528,062723,A1,苗栗縣警察局,苗栗縣頭份市文化里信東路二段與翠亨路口,陰,日間自然光線,市區道路,50,交岔路,四岔路,交叉路口,交叉路口內,柏油,乾燥,無缺陷,無障礙物,良好,良好,閃光號誌,正常,無,無分向設施,未繪設車道線,未繪設快慢車道分隔線,無,車與車,路口交岔撞,駕駛人,未依規定讓車,死亡1;受傷0,1,機車,普通重型,男,84,戴安全帽或繫安全帶(使用幼童安全椅),未使用,車的狀態,向前直行中,機車,右側車身,機車,左側車身,駕駛人,未依規定讓車,否,120.900594,24.698348
2019,5,20190528,125700,A1,嘉義縣警察局,嘉義縣中埔鄉社口村台18線26.5公里,雨,日間自然光線,省道,50,單路部分,直路,路段,一般車道(未劃分快慢車道),柏油,濕潤,無缺陷,無障礙物,良好,良好,無號誌,無號誌,雙向禁止超車線,附標記,車道線(無標記),未繪設快慢車道分隔線,有,車與車,對撞,駕駛人,違反特定標誌(線)禁制,死亡1;受傷1,1,小客車,自用,男,60,戴安全帽或繫安全帶(使用幼童安全椅),未使用,車的狀態,向前直行中,汽車,前車頭,,,駕駛人,違反特定標誌(線)禁制,否,120.539097,23.442888
2019,5,20190528,125700,A1,嘉義縣警察局,嘉義縣中埔鄉社口村台18線26.5公里,雨,日間自然光線,省道,50,單路部分,直路,路段,一般車道(未劃分快慢車道),柏油,濕潤,無缺陷,無障礙物,良好,良好,無號誌,無號誌,雙向禁止超車線,附標記,車道線(無標記),未繪設快慢車道分隔線,有,車與車,對撞,駕駛人,違反特定標誌(線)禁制,死亡1;受傷1,2,大客車,遊覽車,男,47,戴安全帽或繫安全帶(使用幼童安全椅),未使用,車的狀態,向前直行中,汽車,左前車頭(身),,,無(車輛駕駛人因素),尚未發現肇事因素,否,120.539097,23.442888
2019,5,20190528,151100,A1,苗栗縣警察局,苗栗縣苗栗市民族路196號,陰,日間自然光線,市區道路,50,單路部分,直路,路段,路肩、路緣,柏油,乾燥,無缺陷,無障礙物,良好,良好,無號誌,無號誌,雙向禁止超車線,無標記,車道線(無標記),未繪設快慢車道分隔線,有,汽(機)車本身,路上翻車、摔倒,駕駛人,酒醉(後)駕駛失控,死亡1;受傷0,2,,,無或物(動物、堆置物),-1,,,,,,,,,無(非車輛駕駛人因素),尚未發現肇事因素,否,120.814343,24.564537
2019,5,20190528,151100,A1,苗栗縣警察局,苗栗縣苗栗市民族路196號,陰,日間自然光線,市區道路,50,單路部分,直路,路段,路肩、路緣,柏油,乾燥,無缺陷,無障礙物,良好,良好,無號誌,無號誌,雙向禁止超車線,無標記,車道線(無標記),未繪設快慢車道分隔線,有,汽(機)車本身,路上翻車、摔倒,駕駛人,酒醉(後)駕駛失控,死亡1;受傷0,1,機車,普通重型,男,59,戴安全帽或繫安全帶(使用幼童安全椅),未使用,車的狀態,向前直行中,機車,左側車身,,,駕駛人,酒醉(後)駕駛失控,否,120.814343,24.564537
2019,5,20190529,072100,A1,新北市政府警察局,新北市新莊區龍安路249巷1號前0.0公尺,陰,日間自然光線,市區道路,50,單路部分,直路,路段,一般車道(未劃分快慢車道),柏油,乾燥,無缺陷,無障礙物,良好,良好,無號誌,無號誌,無,無分向設施,未繪設車道線,未繪設快慢車道分隔線,有,汽(機)車本身,路上翻車、摔倒,駕駛人,未注意車前狀態,死亡1;受傷0,2,,,無或物(動物、堆置物),0,,,,,,,,,交通管制(設施),其他交通管制不當,否,121.414452,25.022988
2019,5,20190529,072100,A1,新北市政府警察局,新北市新莊區龍安路249巷1號前0.0公尺,陰,日間自然光線,市區道路,50,單路部分,直路,路段,一般車道(未劃分快慢車道),柏油,乾燥,無缺陷,無障礙物,良好,良好,無號誌,無號誌,無,無分向設施,未繪設車道線,未繪設快慢車道分隔線,有,汽(機)車本身,路上翻車、摔倒,駕駛人,未注意車前狀態,死亡1;受傷0,1,機車,普通重型,女,47,戴安全帽或繫安全帶(使用幼童安全椅),未使用,車的狀態,向前直行中,其他,不明,其他,不明,駕駛人,未注意車前狀態,否,121.414452,25.022988
2019,5,20190529,131046,A1,新竹縣政府警察局,新竹縣芎林鄉文山路749號前,陰,日間自然光線,縣道,40,單路部分,彎曲路及附近,路段,一般車道(未劃分快慢車道),柏油,乾燥,無缺陷,無障礙物,不良,彎道,無號誌,無號誌,雙向禁止超車線,無標記,未繪設車道線,未繪設快慢車道分隔線,有,車與車,對撞,駕駛人,逆向行駛,死亡1;受傷0,1,機車,普通重型,男,65,戴安全帽或繫安全帶(使用幼童安全椅),未使用,車的狀態,向前直行中,機車,前車頭,機車,前車頭,駕駛人,逆向行駛,否,121.075590,24.782879
2019,5,20190529,131046,A1,新竹縣政府警察局,新竹縣芎林鄉文山路749號前,陰,日間自然光線,縣道,40,單路部分,彎曲路及附近,路段,一般車道(未劃分快慢車道),柏油,乾燥,無缺陷,無障礙物,不良,彎道,無號誌,無號誌,雙向禁止超車線,無標記,未繪設車道線,未繪設快慢車道分隔線,有,車與車,對撞,駕駛人,逆向行駛,死亡1;受傷0,2,大客車,遊覽車,男,61,戴安全帽或繫安全帶(使用幼童安全椅),未使用,車的狀態,向前直行中,汽車,右前車頭(身),汽車,前車頭,無(車輛駕駛人因素),尚未發現肇事因素,否,121.075590,24.782879
2019,5,20190529,163800,A1,新竹縣政府警察局,新竹縣竹北市中華路658號前,晴,日間自然光線,市區道路,50,單路部分,直路,路段,一般車道(未劃分快慢車道),柏油,乾燥,無缺陷,無障礙物,良好,良好,無號誌,無號誌,行車分向線,無標記,車道線(無標記),未繪設快慢車道分隔線,有,車與車,側撞,其他,開啟車門不當而肇事,死亡1;受傷1,1,小客車,自用,男,33,戴安全帽或繫安全帶(使用幼童安全椅),未使用,車的狀態,靜止(引擎熄火),汽車,左側車身,,,其他,開啟車門不當而肇事,否,121.005446,24.846843
2019,5,20190529,163800,A1,新竹縣政府警察局,新竹縣竹北市中華路658號前,晴,日間自然光線,市區道路,50,單路部分,直路,路段,一般車道(未劃分快慢車道),柏油,乾燥,無缺陷,無障礙物,良好,良好,無號誌,無號誌,行車分向線,無標記,車道線(無標記),未繪設快慢車道分隔線,有,車與車,側撞,其他,開啟車門不當而肇事,死亡1;受傷1,2,機車,普通重型,男,18,戴安全帽或繫安全帶(使用幼童安全椅),未使用,車的狀態,向前直行中,機車,前車頭,,,無(車輛駕駛人因素),尚未發現肇事因素,否,121.005446,24.846843
2019,5,20190529,163800,A1,新竹縣政府警察局,新竹縣竹北市中華路658號前,晴,日間自然光線,市區道路,50,單路部分,直路,路段,一般車道(未劃分快慢車道),柏油,乾燥,無缺陷,無障礙物,良好,良好,無號誌,無號誌,行車分向線,無標記,車道線(無標記),未繪設快慢車道分隔線,有,車與車,側撞,其他,開啟車門不當而肇事,死亡1;受傷1,3,慢車,微型電動二輪車,男,-1,其他(行人、慢車駕駛人),非汽(機)車駕駛人,車的狀態,向前直行中,其他,非汽(機)車,,,無(車輛駕駛人因素),尚未發現肇事因素,否,121.005446,24.846843
2019,5,20190530,144400,A1,臺北市政府警察局,臺北市北投區洲美快速道路前0.0公尺,晴,日間自然光線,市區道路,80,單路部分,高架道路,路段,一般車道(未劃分快慢車道),柏油,乾燥,無缺陷,無障礙物,良好,良好,無號誌,無號誌,中央分向島,寛式(50公分以上),車道線(附標記),未繪設快慢車道分隔線,有,車與車,追撞,駕駛人,超速失控,死亡1;受傷3,1,小客車,自用,男,21,戴安全帽或繫安全帶(使用幼童安全椅),未使用,車的狀態,向前直行中,汽車,右前車頭(身),汽車,右前車頭(身),駕駛人,超速失控,否,121.498713,25.108244
2019,5,20190530,144400,A1,臺北市政府警察局,臺北市北投區洲美快速道路前0.0公尺,晴,日間自然光線,市區道路,80,單路部分,高架道路,路段,一般車道(未劃分快慢車道),柏油,乾燥,無缺陷,無障礙物,良好,良好,無號誌,無號誌,中央分向島,寛式(50公分以上),車道線(附標記),未繪設快慢車道分隔線,有,車與車,追撞,駕駛人,超速失控,死亡1;受傷3,3,人,乘客,女,95,其他(行人、慢車駕駛人),非汽(機)車駕駛人,人的狀態,其他,其他,非汽(機)車,其他,非汽(機)車,無(非車輛駕駛人因素),尚未發現肇事因素,否,121.498713,25.108244
2019,5,20190530,144400,A1,臺北市政府警察局,臺北市北投區洲美快速道路前0.0公尺,晴,日間自然光線,市區道路,80,單路部分,高架道路,路段,一般車道(未劃分快慢車道),柏油,乾燥,無缺陷,無障礙物,良好,良好,無號誌,無號誌,中央分向島,寛式(50公分以上),車道線(附標記),未繪設快慢車道分隔線,有,車與車,追撞,駕駛人,超速失控,死亡1;受傷3,4,人,乘客,女,33,其他(行人、慢車駕駛人),非汽(機)車駕駛人,人的狀態,其他,其他,非汽(機)車,其他,非汽(機)車,無(非車輛駕駛人因素),尚未發現肇事因素,否,121.498713,25.108244
2019,5,20190530,144400,A1,臺北市政府警察局,臺北市北投區洲美快速道路前0.0公尺,晴,日間自然光線,市區道路,80,單路部分,高架道路,路段,一般車道(未劃分快慢車道),柏油,乾燥,無缺陷,無障礙物,良好,良好,無號誌,無號誌,中央分向島,寛式(50公分以上),車道線(附標記),未繪設快慢車道分隔線,有,車與車,追撞,駕駛人,超速失控,死亡1;受傷3,2,小客車,計程車,男,64,戴安全帽或繫安全帶(使用幼童安全椅),未使用,車的狀態,向前直行中,汽車,右後車尾(身),汽車,右後車尾(身),無(車輛駕駛人因素),尚未發現肇事因素,否,121.498713,25.108244
2019,5,20190530,154100,A1,新北市政府警察局,新北市瑞芳區臺2丁線道路 / 新北市瑞芳區三爪子坑路,晴,日間自然光線,市區道路,50,交岔路,三岔路,交叉路口,交叉路口內,柏油,乾燥,無缺陷,無障礙物,良好,良好,閃光號誌,正常,雙向禁止超車線,無標記,未繪設車道線,未繪設快慢車道分隔線,有,車與車,側撞,駕駛人,未依規定讓車,死亡1;受傷1,1,機車,普通重型,男,56,戴安全帽或繫安全帶(使用幼童安全椅),不明,車的狀態,左轉彎,機車,前車頭,機車,前車頭,駕駛人,未依規定讓車,否,121.733230,25.107603
2019,5,20190530,154100,A1,新北市政府警察局,新北市瑞芳區臺2丁線道路 / 新北市瑞芳區三爪子坑路,晴,日間自然光線,市區道路,50,交岔路,三岔路,交叉路口,交叉路口內,柏油,乾燥,無缺陷,無障礙物,良好,良好,閃光號誌,正常,雙向禁止超車線,無標記,未繪設車道線,未繪設快慢車道分隔線,有,車與車,側撞,駕駛人,未依規定讓車,死亡1;受傷1,2,機車,普通重型,男,33,戴安全帽或繫安全帶(使用幼童安全椅),未使用,車的狀態,向前直行中,機車,前車頭,機車,前車頭,駕駛人,未注意車前狀態,否,121.733230,25.107603
2019,5,20190531,060700,A1,彰化縣警察局,彰化縣福興鄉社尾村南環路1段前0.0公尺,晴,日間自然光線,村里道路,50,交岔路,四岔路,交叉路口,交叉路口內,柏油,乾燥,無缺陷,無障礙物,良好,良好,行車管制號誌,正常,單向禁止超車線,無標記,禁止變換車道線(無標記),快慢車道分隔線,有,車與車,路口交岔撞,駕駛人,違反號誌管制或指揮,死亡1;受傷1,1,機車,普通重型,男,38,戴安全帽或繫安全帶(使用幼童安全椅),未使用,車的狀態,向前直行中,其他,不明,,,駕駛人,違反號誌管制或指揮,否,120.443993,24.035020
2019,5,20190531,060700,A1,彰化縣警察局,彰化縣福興鄉社尾村南環路1段前0.0公尺,晴,日間自然光線,村里道路,50,交岔路,四岔路,交叉路口,交叉路口內,柏油,乾燥,無缺陷,無障礙物,良好,良好,行車管制號誌,正常,單向禁止超車線,無標記,禁止變換車道線(無標記),快慢車道分隔線,有,車與車,路口交岔撞,駕駛人,違反號誌管制或指揮,死亡1;受傷1,2,小貨車(含客、貨兩用),自用,女,44,戴安全帽或繫安全帶(使用幼童安全椅),未使用,車的狀態,向前直行中,其他,不明,,,其他,其他引起事故之違規或不當行為,否,120.443993,24.035020
2019,5,20190531,063500,A1,臺北市政府警察局,臺北市中山區八德路2段 / 臺北市中山區建國北路1段,晴,晨或暮光,市區道路,50,交岔路,四岔路,交叉路口,交叉口附近,柏油,乾燥,無缺陷,無障礙物,良好,良好,行車管制號誌(附設行人專用號誌),正常,雙向禁止超車線,無標記,車道線(無標記),未繪設快慢車道分隔線,無,人與汽(機)車,其他,駕駛人,搶越行人穿越道,死亡1;受傷1,1,機車,普通重型,男,35,戴安全帽或繫安全帶(使用幼童安全椅),不明,車的狀態,向前直行中,機車,前車頭,機車,前車頭,駕駛人,搶越行人穿越道,否,121.536174,25.046028
2019,5,20190531,063500,A1,臺北市政府警察局,臺北市中山區八德路2段 / 臺北市中山區建國北路1段,晴,晨或暮光,市區道路,50,交岔路,四岔路,交叉路口,交叉口附近,柏油,乾燥,無缺陷,無障礙物,良好,良好,行車管制號誌(附設行人專用號誌),正常,雙向禁止超車線,無標記,車道線(無標記),未繪設快慢車道分隔線,無,人與汽(機)車,其他,駕駛人,搶越行人穿越道,死亡1;受傷1,2,人,行人,女,68,其他(行人、慢車駕駛人),非汽(機)車駕駛人,人的狀態,其他,其他,非汽(機)車,其他,非汽(機)車,行人(或乘客),未依標誌、標線、號誌或手勢指揮穿越道路,否,121.536174,25.046028
2019,5,20190531,071420,A1,苗栗縣警察局,苗栗縣頭份市尖下里台13線尖豐路與國道一號橋下前路口,晴,日間自然光線,市區道路,60,交岔路,四岔路,交叉路口,交叉路口內,柏油,乾燥,無缺陷,無障礙物,良好,良好,行車管制號誌(附設行人專用號誌),正常,無,無分向設施,車道線(無標記),快慢車道分隔線,有,車與車,追撞,駕駛人,未注意車前狀態,死亡1;受傷1,1,機車,普通重型,男,75,戴安全帽或繫安全帶(使用幼童安全椅),未使用,車的狀態,向前直行中,機車,前車頭,,,駕駛人,未注意車前狀態,否,120.881993,24.657649
2019,5,20190531,071420,A1,苗栗縣警察局,苗栗縣頭份市尖下里台13線尖豐路與國道一號橋下前路口,晴,日間自然光線,市區道路,60,交岔路,四岔路,交叉路口,交叉路口內,柏油,乾燥,無缺陷,無障礙物,良好,良好,行車管制號誌(附設行人專用號誌),正常,無,無分向設施,車道線(無標記),快慢車道分隔線,有,車與車,追撞,駕駛人,未注意車前狀態,死亡1;受傷1,2,機車,普通重型,女,54,戴安全帽或繫安全帶(使用幼童安全椅),未使用,車的狀態,等待(引擎未熄火),機車,後車尾,,,無(車輛駕駛人因素),尚未發現肇事因素,否,120.881993,24.657649
2019,5,20190531,100600,A1,南投縣政府警察局,南投縣名間鄉南雲路9之30號前附近,晴,日間自然光線,村里道路,50,交岔路,三岔路,交叉路口,交叉口附近,柏油,乾燥,無缺陷,無障礙物,良好,良好,無號誌,無號誌,無,無分向設施,未繪設車道線,未繪設快慢車道分隔線,無,汽(機)車本身,衝出路外,其他,不明原因肇事,死亡1;受傷0,2,,,無或物(動物、堆置物),-1,,,,,,,,,無(非車輛駕駛人因素),尚未發現肇事因素,否,120.705246,23.828453
2019,5,20190531,100600,A1,南投縣政府警察局,南投縣名間鄉南雲路9之30號前附近,晴,日間自然光線,村里道路,50,交岔路,三岔路,交叉路口,交叉口附近,柏油,乾燥,無缺陷,無障礙物,良好,良好,無號誌,無號誌,無,無分向設施,未繪設車道線,未繪設快慢車道分隔線,無,汽(機)車本身,衝出路外,其他,不明原因肇事,死亡1;受傷0,1,機車,普通重型,男,80,戴安全帽或繫安全帶(使用幼童安全椅),未使用,車的狀態,右轉彎,機車,前車頭,,,其他,不明原因肇事,否,120.705246,23.828453
2019,5,20190531,120400,A1,臺中市政府警察局,臺中市梧棲區中正里文化路二段267號前0.0公尺,晴,日間自然光線,市區道路,50,單路部分,直路,路段,慢車道,柏油,乾燥,無缺陷,無障礙物,良好,良好,無號誌,無號誌,雙向禁止超車線,無標記,車道線(無標記),快慢車道分隔線,無,人與汽(機)車,同向通行中,行人(或乘客),未依規定行走行人穿越道、地下道、天橋而穿越道路,死亡1;受傷1,2,小客車,自用,女,42,戴安全帽或繫安全帶(使用幼童安全椅),未使用,車的狀態,向前直行中,汽車,右前車頭(身),,,駕駛人,疲勞(患病)駕駛失控,否,120.531493,24.257290
2019,5,20190531,120400,A1,臺中市政府警察局,臺中市梧棲區中正里文化路二段267號前0.0公尺,晴,日間自然光線,市區道路,50,單路部分,直路,路段,慢車道,柏油,乾燥,無缺陷,無障礙物,良好,良好,無號誌,無號誌,雙向禁止超車線,無標記,車道線(無標記),快慢車道分隔線,無,人與汽(機)車,同向通行中,行人(或乘客),未依規定行走行人穿越道、地下道、天橋而穿越道路,死亡1;受傷1,1,人,行人,男,70,其他(行人、慢車駕駛人),非汽(機)車駕駛人,人的狀態,步行,其他,非汽(機)車,,,行人(或乘客),未依規定行走行人穿越道、地下道、天橋而穿越道路,否,120.531493,24.257290
2019,5,20190531,120400,A1,臺中市政府警察局,臺中市梧棲區中正里文化路二段267號前0.0公尺,晴,日間自然光線,市區道路,50,單路部分,直路,路段,慢車道,柏油,乾燥,無缺陷,無障礙物,良好,良好,無號誌,無號誌,雙向禁止超車線,無標記,車道線(無標記),快慢車道分隔線,無,人與汽(機)車,同向通行中,行人(或乘客),未依規定行走行人穿越道、地下道、天橋而穿越道路,死亡1;受傷1,3,人,行人,女,20,其他(行人、慢車駕駛人),非汽(機)車駕駛人,人的狀態,步行,其他,非汽(機)車,,,行人(或乘客),未依規定行走行人穿越道、地下道、天橋而穿越道路,否,120.531493,24.257290
2019,5,20190531,144000,A1,雲林縣警察局,雲林縣土庫鎮順天里13鄰三民街32號前,晴,日間自然光線,市區道路,50,單路部分,直路,路段,一般車道(未劃分快慢車道),柏油,乾燥,無缺陷,無障礙物,良好,良好,無號誌,無號誌,雙向禁止超車線,無標記,未繪設車道線,未繪設快慢車道分隔線,無,汽(機)車本身,撞路樹、電桿,駕駛人,未注意車前狀態,死亡1;受傷0,2,,,無或物(動物、堆置物),-1,,,,,,,,,無(非車輛駕駛人因素),尚未發現肇事因素,否,120.388348,23.674001
2019,5,20190531,144000,A1,雲林縣警察局,雲林縣土庫鎮順天里13鄰三民街32號前,晴,日間自然光線,市區道路,50,單路部分,直路,路段,一般車道(未劃分快慢車道),柏油,乾燥,無缺陷,無障礙物,良好,良好,無號誌,無號誌,雙向禁止超車線,無標記,未繪設車道線,未繪設快慢車道分隔線,無,汽(機)車本身,撞路樹、電桿,駕駛人,未注意車前狀態,死亡1;受傷0,1,機車,普通重型,男,61,戴安全帽或繫安全帶(使用幼童安全椅),未使用,車的狀態,向前直行中,機車,右側車身,,,駕駛人,未注意車前狀態,否,120.388348,23.674001
2019,6,20190601,085716,A1,新竹市警察局,新竹市香山區西濱快速道路北上84.6K慢車道,雨,日間自然光線,市區道路,50,單路部分,直路,路段,一般車道(未劃分快慢車道),柏油,濕潤,無缺陷,無障礙物,良好,良好,無號誌,無號誌,中央分向島,寛式(50公分以上),車道線(無標記),寛式快慢車道分隔島(50公分以上),有,汽(機)車本身,撞護欄(樁),駕駛人,疲勞(患病)駕駛失控,死亡1;受傷0,2,,,無或物(動物、堆置物),-1,,,,,,,,,無(非車輛駕駛人因素),尚未發現肇事因素,否,120.894290,24.741197
2019,6,20190601,085716,A1,新竹市警察局,新竹市香山區西濱快速道路北上84.6K慢車道,雨,日間自然光線,市區道路,50,單路部分,直路,路段,一般車道(未劃分快慢車道),柏油,濕潤,無缺陷,無障礙物,良好,良好,無號誌,無號誌,中央分向島,寛式(50公分以上),車道線(無標記),寛式快慢車道分隔島(50公分以上),有,汽(機)車本身,撞護欄(樁),駕駛人,疲勞(患病)駕駛失控,死亡1;受傷0,1,機車,普通重型,男,23,不明,不明,車的狀態,向前直行中,機車,前車頭,,,駕駛人,疲勞(患病)駕駛失控,否,120.894290,24.741197
2019,6,20190601,191700,A1,彰化縣警察局,彰化縣溪州鄉柑園村下柑路前0.0公尺,晴,夜間(或隧道、地下道、涵洞)有照明,村里道路,40,單路部分,直路,路段,一般車道(未劃分快慢車道),柏油,乾燥,無缺陷,無障礙物,良好,良好,無號誌,無號誌,行車分向線,無標記,車道線(無標記),未繪設快慢車道分隔線,有,車與車,追撞,其他,不明原因肇事,死亡1;受傷0,1,機車,普通重型,男,82,戴安全帽或繫安全帶(使用幼童安全椅),未使用,車的狀態,向前直行中,機車,前車頭,,,其他,不明原因肇事,否,120.542455,23.824380
2019,6,20190601,191700,A1,彰化縣警察局,彰化縣溪州鄉柑園村下柑路前0.0公尺,晴,夜間(或隧道、地下道、涵洞)有照明,村里道路,40,單路部分,直路,路段,一般車道(未劃分快慢車道),柏油,乾燥,無缺陷,無障礙物,良好,良好,無號誌,無號誌,行車分向線,無標記,車道線(無標記),未繪設快慢車道分隔線,有,車與車,追撞,其他,不明原因肇事,死亡1;受傷0,2,小貨車(含客、貨兩用),自用,男,38,戴安全帽或繫安全帶(使用幼童安全椅),未使用,車的狀態,靜止(引擎熄火),汽車,左後車尾(身),,,其他,違規停車或暫停不當而肇事,否,120.542455,23.824380
2019,6,20190601,195700,A1,桃園市政府警察局,桃園市觀音區成功路1段口 / 桃園市觀音區大同一路口,晴,夜間(或隧道、地下道、涵洞)有照明,村里道路,50,交岔路,四岔路,交叉路口,交叉路口內,柏油,乾燥,無缺陷,無障礙物,良好,良好,行車管制號誌,正常,無,無分向設施,未繪設車道線,未繪設快慢車道分隔線,無,車與車,路口交岔撞,駕駛人,違反號誌管制或指揮,死亡1;受傷2,1,小客車,自用,男,25,戴安全帽或繫安全帶(使用幼童安全椅),未使用,車的狀態,向前直行中,汽車,前車頭,,,駕駛人,違反號誌管制或指揮,否,121.126979,25.054941
2019,6,20190601,195700,A1,桃園市政府警察局,桃園市觀音區成功路1段口 / 桃園市觀音區大同一路口,晴,夜間(或隧道、地下道、涵洞)有照明,村里道路,50,交岔路,四岔路,交叉路口,交叉路口內,柏油,乾燥,無缺陷,無障礙物,良好,良好,行車管制號誌,正常,無,無分向設施,未繪設車道線,未繪設快慢車道分隔線,無,車與車,路口交岔撞,駕駛人,違反號誌管制或指揮,死亡1;受傷2,2,機車,普通重型,男,37,戴安全帽或繫安全帶(使用幼童安全椅),未使用,車的狀態,向前直行中,機車,右側車身,,,駕駛人,違反號誌管制或指揮,否,121.126979,25.054941