發生年度,發生月份,發生日期,發生時間,事故類別名稱,處理單位名稱警局層,發生地點,天候名稱,光線名稱,道路類別-第1當事者-名稱,速限-第1當事者,道路型態大類別名稱,道路型態子類別名稱,事故位置大類別名稱,事故位置子類別名稱,路面狀況-路面鋪裝名稱,路面狀況-路面狀態名稱,路面狀況-路面缺陷名稱,道路障礙-障礙物名稱,道路障礙-視距品質名稱,道路障礙-視距名稱,號誌-號誌種類名稱,號誌-號誌動作名稱,車道劃分設施-分向設施大類別名稱,車道劃分設施-分向設施子類別名稱,車道劃分設施-分道設施-快車道或一般車道間名稱,車道劃分設施-分道設施-快慢車道間名稱,車道劃分設施-分道設施-路面邊線名稱,事故類型及型態大類別名稱,事故類型及型態子類別名稱,肇因研判大類別名稱-主要,肇因研判子類別名稱-主要,死亡受傷人數,當事者順位,當事者區分-類別-大類別名稱-車種,當事者區分-類別-子類別名稱-車種,當事者屬-性-別名稱,當事者事故發生時年齡,保護裝備名稱,行動電話或電腦或其他相類功能裝置名稱,當事者行動狀態大類別名稱,當事者行動狀態子類別名稱,車輛撞擊部位大類別名稱-最初,車輛撞擊部位子類別名稱-最初,車輛撞擊部位大類別名稱-其他,車輛撞擊部位子類別名稱-其他,肇因研判大類別名稱-個別,肇因研判子類別名稱-個別,肇事逃逸類別名稱-是否肇逃,經度,緯度
2019,6,20190627,185314,A1,宜蘭縣政府警察局,宜蘭縣五結鄉利澤村五濱路2段口 / 宜蘭縣五結鄉五結路1段,晴,日間自然光線,省道,70,交岔路,四岔路,交叉路口,交叉路口內,柏油,乾燥,無缺陷,無障礙物,良好,良好,行車管制號誌,正常,行車分向線,附標記,車道線(附標記),快慢車道分隔線,有,車與車,追撞,無(車輛駕駛人因素),尚未發現肇事因素,死亡1;受傷2,3,人,乘客,女,37,戴安全帽或繫安全帶(使用幼童安全椅),未使用,人的狀態,其他,其他,非汽(機)車,,,無(非車輛駕駛人因素),尚未發現肇事因素,否,121.824851,24.692510
2019,6,20190627,185314,A1,宜蘭縣政府警察局,宜蘭縣五結鄉利澤村五濱路2段口 / 宜蘭縣五結鄉五結路1段,晴,日間自然光線,省道,70,交岔路,四岔路,交叉路口,交叉路口內,柏油,乾燥,無缺陷,無障礙物,良好,良好,行車管制號誌,正常,行車分向線,附標記,車道線(附標記),快慢車道分隔線,有,車與車,追撞,無(車輛駕駛人因素),尚未發現肇事因素,死亡1;受傷2,2,機車,大型重型1(550C.C.以上),男,38,戴安全帽或繫安全帶(使用幼童安全椅),未使用,車的狀態,向前直行中,機車,前車頭,,,駕駛人,未注意車前狀態,否,121.824851,24.692510
2019,6,20190627,185314,A1,宜蘭縣政府警察局,宜蘭縣五結鄉利澤村五濱路2段口 / 宜蘭縣五結鄉五結路1段,晴,日間自然光線,省道,70,交岔路,四岔路,交叉路口,交叉路口內,柏油,乾燥,無缺陷,無障礙物,良好,良好,行車管制號誌,正常,行車分向線,附標記,車道線(附標記),快慢車道分隔線,有,車與車,追撞,無(車輛駕駛人因素),尚未發現肇事因素,死亡1;受傷2,1,機車,普通重型,女,48,戴安全帽或繫安全帶(使用幼童安全椅),未使用,車的狀態,向左變換車道,機車,左側車身,,,無(車輛駕駛人因素),尚未發現肇事因素,否,121.824851,24.692510
2019,6,20190628,050800,A1,新北市政府警察局,新北市中和區景平路 / 新北市中和區秀朗路,晴,夜間(或隧道、地下道、涵洞)有照明,市區道路,50,交岔路,三岔路,交叉路口,交叉口附近,柏油,乾燥,無缺陷,道路工事(程)中,良好,良好,行車管制號誌,正常,中央分向島,寛式(50公分以上),車道線(附標記),快慢車道分隔線,有,車與車,對撞,駕駛人,逆向行駛,死亡1;受傷0,1,大貨車,自用,男,30,戴安全帽或繫安全帶(使用幼童安全椅),未使用,車的狀態,向前直行中,汽車,前車頭,汽車,前車頭,駕駛人,逆向行駛,否,121.496319,25.003670
2019,6,20190628,050800,A1,新北市政府警察局,新北市中和區景平路 / 新北市中和區秀朗路,晴,夜間(或隧道、地下道、涵洞)有照明,市區道路,50,交岔路,三岔路,交叉路口,交叉口附近,柏油,乾燥,無缺陷,道路工事(程)中,良好,良好,行車管制號誌,正常,中央分向島,寛式(50公分以上),車道線(附標記),快慢車道分隔線,有,車與車,對撞,駕駛人,逆向行駛,死亡1;受傷0,2,機車,普通重型,男,26,戴安全帽或繫安全帶(使用幼童安全椅),未使用,車的狀態,向前直行中,機車,前車頭,機車,前車頭,無(車輛駕駛人因素),尚未發現肇事因素,否,121.496319,25.003670
2019,6,20190628,110539,A1,臺東縣警察局,臺東縣達仁鄉台坂村台坂路2-1號前0.0公尺南側,晴,日間自然光線,村里道路,40,單路部分,直路,路段,一般車道(未劃分快慢車道),無鋪裝,乾燥,突出(高低)不平,道路工事(程)中,良好,良好,無號誌,無號誌,無,無分向設施,未繪設車道線,未繪設快慢車道分隔線,無,車與車,倒車撞,駕駛人,倒車未依規定,死亡1;受傷0,3,,,無或物(動物、堆置物),-1,,,,,,,,,交通管制(設施),其他交通管制不當,否,120.912992,22.482084
2019,6,20190628,110539,A1,臺東縣警察局,臺東縣達仁鄉台坂村台坂路2-1號前0.0公尺南側,晴,日間自然光線,村里道路,40,單路部分,直路,路段,一般車道(未劃分快慢車道),無鋪裝,乾燥,突出(高低)不平,道路工事(程)中,良好,良好,無號誌,無號誌,無,無分向設施,未繪設車道線,未繪設快慢車道分隔線,無,車與車,倒車撞,駕駛人,倒車未依規定,死亡1;受傷0,1,其他車,動力機械,男,44,不明,不明,車的狀態,倒車,汽車,後車尾,,,駕駛人,倒車未依規定,否,120.912992,22.482084
2019,6,20190628,110539,A1,臺東縣警察局,臺東縣達仁鄉台坂村台坂路2-1號前0.0公尺南側,晴,日間自然光線,村里道路,40,單路部分,直路,路段,一般車道(未劃分快慢車道),無鋪裝,乾燥,突出(高低)不平,道路工事(程)中,良好,良好,無號誌,無號誌,無,無分向設施,未繪設車道線,未繪設快慢車道分隔線,無,車與車,倒車撞,駕駛人,倒車未依規定,死亡1;受傷0,2,機車,普通重型,男,46,未戴案全帽或未繫安全帶(未使用幼童安全椅),不明,車的狀態,向前直行中,機車,前車頭,機車,右側車身,駕駛人,未注意車前狀態,否,120.912992,22.482084
2019,6,20190628,144000,A1,臺中市政府警察局,臺中市太平區太平里太平路577號前0.0公尺,晴,日間自然光線,市區道路,50,交岔路,四岔路,交叉路口,交叉口附近,柏油,乾燥,無缺陷,無障礙物,良好,良好,無號誌,無號誌,雙向禁止超車線,無標記,車道線(無標記),未繪設快慢車道分隔線,無,人與汽(機)車,穿越道路中,行人(或乘客),未依規定行走行人穿越道、地下道、天橋而穿越道路,死亡1;受傷1,2,大貨車,自用,男,35,戴安全帽或繫安全帶(使用幼童安全椅),未使用,車的狀態,起步,汽車,前車頭,,,駕駛人,未注意車前狀態,否,120.712507,24.125704
2019,6,20190628,144000,A1,臺中市政府警察局,臺中市太平區太平里太平路577號前0.0公尺,晴,日間自然光線,市區道路,50,交岔路,四岔路,交叉路口,交叉口附近,柏油,乾燥,無缺陷,無障礙物,良好,良好,無號誌,無號誌,雙向禁止超車線,無標記,車道線(無標記),未繪設快慢車道分隔線,無,人與汽(機)車,穿越道路中,行人(或乘客),未依規定行走行人穿越道、地下道、天橋而穿越道路,死亡1;受傷1,1,人,行人,女,75,其他(行人、慢車駕駛人),非汽(機)車駕駛人,人的狀態,步行,其他,不明,,,行人(或乘客),未依規定行走行人穿越道、地下道、天橋而穿越道路,否,120.712507,24.125704
2019,6,20190628,144000,A1,臺中市政府警察局,臺中市太平區太平里太平路577號前0.0公尺,晴,日間自然光線,市區道路,50,交岔路,四岔路,交叉路口,交叉口附近,柏油,乾燥,無缺陷,無障礙物,良好,良好,無號誌,無號誌,雙向禁止超車線,無標記,車道線(無標記),未繪設快慢車道分隔線,無,人與汽(機)車,穿越道路中,行人(或乘客),未依規定行走行人穿越道、地下道、天橋而穿越道路,死亡1;受傷1,3,人,行人,男,7,其他(行人、慢車駕駛人),非汽(機)車駕駛人,人的狀態,步行,其他,不明,,,行人(或乘客),未依規定行走行人穿越道、地下道、天橋而穿越道路,否,120.712507,24.125704
2019,6,20190628,145000,A1,新北市政府警察局,新北市中和區民德路128號前0.0公尺,晴,日間自然光線,市區道路,50,單路部分,直路,路段,一般車道(未劃分快慢車道),柏油,乾燥,無缺陷,無障礙物,良好,良好,行車管制號誌,正常,雙向禁止超車線,附標記,車道線(附標記),未繪設快慢車道分隔線,有,人與汽(機)車,穿越道路中,行人(或乘客),未依規定行走行人穿越道、地下道、天橋而穿越道路,死亡1;受傷0,5,,,肇事逃逸尚未查獲,0,不明,不明,人的狀態,不明,其他,不明,其他,不明,其他,不明原因肇事,是,121.468472,25.001337
2019,6,20190628,145000,A1,新北市政府警察局,新北市中和區民德路128號前0.0公尺,晴,日間自然光線,市區道路,50,單路部分,直路,路段,一般車道(未劃分快慢車道),柏油,乾燥,無缺陷,無障礙物,良好,良好,行車管制號誌,正常,雙向禁止超車線,附標記,車道線(附標記),未繪設快慢車道分隔線,有,人與汽(機)車,穿越道路中,行人(或乘客),未依規定行走行人穿越道、地下道、天橋而穿越道路,死亡1;受傷0,2,小客車,計程車,男,52,戴安全帽或繫安全帶(使用幼童安全椅),未使用,車的狀態,向前直行中,汽車,前車頭,汽車,前車頭,駕駛人,未注意車前狀態,否,121.468472,25.001337
2019,6,20190628,145000,A1,新北市政府警察局,新北市中和區民德路128號前0.0公尺,晴,日間自然光線,市區道路,50,單路部分,直路,路段,一般車道(未劃分快慢車道),柏油,乾燥,無缺陷,無障礙物,良好,良好,行車管制號誌,正常,雙向禁止超車線,附標記,車道線(附標記),未繪設快慢車道分隔線,有,人與汽(機)車,穿越道路中,行人(或乘客),未依規定行走行人穿越道、地下道、天橋而穿越道路,死亡1;受傷0,4,小客車,租賃車,男,50,戴安全帽或繫安全帶(使用幼童安全椅),未使用,車的狀態,等待(引擎未熄火),汽車,前車頭,汽車,前車頭,其他,違規停車或暫停不當而肇事,否,121.468472,25.001337
2019,6,20190628,145000,A1,新北市政府警察局,新北市中和區民德路128號前0.0公尺,晴,日間自然光線,市區道路,50,單路部分,直路,路段,一般車道(未劃分快慢車道),柏油,乾燥,無缺陷,無障礙物,良好,良好,行車管制號誌,正常,雙向禁止超車線,附標記,車道線(附標記),未繪設快慢車道分隔線,有,人與汽(機)車,穿越道路中,行人(或乘客),未依規定行走行人穿越道、地下道、天橋而穿越道路,死亡1;受傷0,3,小貨車(含客、貨兩用),自用,男,45,戴安全帽或繫安全帶(使用幼童安全椅),未使用,車的狀態,等待(引擎未熄火),汽車,前車頭,汽車,前車頭,其他,違規停車或暫停不當而肇事,否,121.468472,25.001337
2019,6,20190628,145000,A1,新北市政府警察局,新北市中和區民德路128號前0.0公尺,晴,日間自然光線,市區道路,50,單路部分,直路,路段,一般車道(未劃分快慢車道),柏油,乾燥,無缺陷,無障礙物,良好,良好,行車管制號誌,正常,雙向禁止超車線,附標記,車道線(附標記),未繪設快慢車道分隔線,有,人與汽(機)車,穿越道路中,行人(或乘客),未依規定行走行人穿越道、地下道、天橋而穿越道路,死亡1;受傷0,1,人,行人,女,58,其他(行人、慢車駕駛人),非汽(機)車駕駛人,人的狀態,步行,其他,非汽(機)車,其他,非汽(機)車,行人(或乘客),未依規定行走行人穿越道、地下道、天橋而穿越道路,否,121.468472,25.001337
2019,6,20190628,222000,A1,國道公路警察局,基隆市七堵區國道1號 7公里100.0公尺處北側向內側,晴,夜間(或隧道、地下道、涵洞)有照明,國道,100,單路部分,直路,路段,快車道,柏油,乾燥,無缺陷,無障礙物,良好,良好,無號誌,無號誌,中央分向島,寛式(50公分以上),車道線(附標記),未繪設快慢車道分隔線,有,人與汽(機)車,衝進路中,行人(或乘客),其他引起事故之疏失或行為,死亡1;受傷0,1,人,行人,男,69,其他(行人、慢車駕駛人),非汽(機)車駕駛人,人的狀態,奔跑,其他,非汽(機)車,,,行人(或乘客),其他引起事故之疏失或行為,否,121.679068,25.085872
2019,6,20190628,222000,A1,國道公路警察局,基隆市七堵區國道1號 7公里100.0公尺處北側向內側,晴,夜間(或隧道、地下道、涵洞)有照明,國道,100,單路部分,直路,路段,快車道,柏油,乾燥,無缺陷,無障礙物,良好,良好,無號誌,無號誌,中央分向島,寛式(50公分以上),車道線(附標記),未繪設快慢車道分隔線,有,人與汽(機)車,衝進路中,行人(或乘客),其他引起事故之疏失或行為,死亡1;受傷0,2,大客車,民營公車,男,25,戴安全帽或繫安全帶(使用幼童安全椅),未使用,車的狀態,向前直行中,汽車,右前車頭(身),,,駕駛人,未注意車前狀態,否,121.679068,25.085872
2019,6,20190628,231600,A1,臺北市政府警察局,臺北市大安區羅斯福路2段 / 臺北市大安區和平東路1段,晴,日間自然光線,市區道路,50,交岔路,多岔路,交叉路口,交叉路口內,柏油,乾燥,無缺陷,無障礙物,良好,良好,行車管制號誌,正常,無,無分向設施,未繪設車道線,未繪設快慢車道分隔線,無,車與車,側撞,駕駛人,違反號誌管制或指揮,死亡1;受傷1,1,大客車,民營公車,男,42,戴安全帽或繫安全帶(使用幼童安全椅),未使用,車的狀態,左轉彎,汽車,右側車身,汽車,右側車身,駕駛人,違反號誌管制或指揮,否,121.522377,25.027006
2019,6,20190628,231600,A1,臺北市政府警察局,臺北市大安區羅斯福路2段 / 臺北市大安區和平東路1段,晴,日間自然光線,市區道路,50,交岔路,多岔路,交叉路口,交叉路口內,柏油,乾燥,無缺陷,無障礙物,良好,良好,行車管制號誌,正常,無,無分向設施,未繪設車道線,未繪設快慢車道分隔線,無,車與車,側撞,駕駛人,違反號誌管制或指揮,死亡1;受傷1,3,人,乘客,男,29,其他(行人、慢車駕駛人),非汽(機)車駕駛人,人的狀態,其他,其他,非汽(機)車,其他,非汽(機)車,無(非車輛駕駛人因素),尚未發現肇事因素,否,121.522377,25.027006
2019,6,20190628,231600,A1,臺北市政府警察局,臺北市大安區羅斯福路2段 / 臺北市大安區和平東路1段,晴,日間自然光線,市區道路,50,交岔路,多岔路,交叉路口,交叉路口內,柏油,乾燥,無缺陷,無障礙物,良好,良好,行車管制號誌,正常,無,無分向設施,未繪設車道線,未繪設快慢車道分隔線,無,車與車,側撞,駕駛人,違反號誌管制或指揮,死亡1;受傷1,2,機車,大型重型1(550C.C.以上),男,36,戴安全帽或繫安全帶(使用幼童安全椅),未使用,車的狀態,向前直行中,機車,前車頭,機車,前車頭,駕駛人,違反號誌管制或指揮,否,121.522377,25.027006
2019,6,20190629,070000,A1,高雄市政府警察局,高雄市旗山區旗南二路上洲164燈桿號前0.0公尺,晴,日間自然光線,市區道路,70,單路部分,直路,路段,一般車道(未劃分快慢車道),柏油,乾燥,無缺陷,無障礙物,良好,良好,無號誌,無號誌,中央分向島,寛式(50公分以上),車道線(無標記),未繪設快慢車道分隔線,有,汽(機)車本身,撞交通島,駕駛人,未注意車前狀態,死亡1;受傷0,2,,,無或物(動物、堆置物),108,,,,,,,,,無(非車輛駕駛人因素),尚未發現肇事因素,否,120.468800,22.859580
2019,6,20190629,070000,A1,高雄市政府警察局,高雄市旗山區旗南二路上洲164燈桿號前0.0公尺,晴,日間自然光線,市區道路,70,單路部分,直路,路段,一般車道(未劃分快慢車道),柏油,乾燥,無缺陷,無障礙物,良好,良好,無號誌,無號誌,中央分向島,寛式(50公分以上),車道線(無標記),未繪設快慢車道分隔線,有,汽(機)車本身,撞交通島,駕駛人,未注意車前狀態,死亡1;受傷0,1,機車,普通重型,男,19,戴安全帽或繫安全帶(使用幼童安全椅),未使用,車的狀態,向前直行中,其他,不明,其他,不明,駕駛人,未注意車前狀態,否,120.468800,22.859580
2019,6,20190629,104500,A1,彰化縣警察局,彰化縣二林鎮香田里竹圍巷前0.0公尺,晴,日間自然光線,村里道路,40,單路部分,直路,其他,其他,柏油,乾燥,無缺陷,無障礙物,良好,良好,無號誌,無號誌,無,無分向設施,未繪設車道線,未繪設快慢車道分隔線,有,汽(機)車本身,撞路樹、電桿,其他,不明原因肇事,死亡1;受傷0,2,,,無或物(動物、堆置物),0,,,,,,,,,無(非車輛駕駛人因素),尚未發現肇事因素,否,120.365443,23.887310
2019,6,20190629,104500,A1,彰化縣警察局,彰化縣二林鎮香田里竹圍巷前0.0公尺,晴,日間自然光線,村里道路,40,單路部分,直路,其他,其他,柏油,乾燥,無缺陷,無障礙物,良好,良好,無號誌,無號誌,無,無分向設施,未繪設車道線,未繪設快慢車道分隔線,有,汽(機)車本身,撞路樹、電桿,其他,不明原因肇事,死亡1;受傷0,1,小貨車(含客、貨兩用),自用,男,49,不明,不明,車的狀態,向前直行中,汽車,前車頭,,,其他,不明原因肇事,否,120.365443,23.887310
2019,6,20190629,113600,A1,花蓮縣警察局,花蓮縣花蓮市北濱車行地下道南端出口北上車道100公尺處,晴,夜間(或隧道、地下道、涵洞)有照明,市區道路,40,單路部分,地下道,路段,一般車道(未劃分快慢車道),柏油,乾燥,無缺陷,無障礙物,良好,良好,無號誌,無號誌,雙向禁止超車線,附標記,未繪設車道線,未繪設快慢車道分隔線,有,車與車,對撞,駕駛人,違反特定標誌(線)禁制,死亡1;受傷0,1,小貨車(含客、貨兩用),自用,男,66,不明,不明,車的狀態,向前直行中,汽車,左前車頭(身),汽車,前車頭,駕駛人,違反特定標誌(線)禁制,否,121.613857,23.971213
2019,6,20190629,113600,A1,花蓮縣警察局,花蓮縣花蓮市北濱車行地下道南端出口北上車道100公尺處,晴,夜間(或隧道、地下道、涵洞)有照明,市區道路,40,單路部分,地下道,路段,一般車道(未劃分快慢車道),柏油,乾燥,無缺陷,無障礙物,良好,良好,無號誌,無號誌,雙向禁止超車線,附標記,未繪設車道線,未繪設快慢車道分隔線,有,車與車,對撞,駕駛人,違反特定標誌(線)禁制,死亡1;受傷0,2,半聯結車,營業用,男,46,戴安全帽或繫安全帶(使用幼童安全椅),未使用,車的狀態,向前直行中,汽車,左前車頭(身),汽車,前車頭,無(車輛駕駛人因素),尚未發現肇事因素,否,121.613857,23.971213
2019,6,20190629,133314,A1,南投縣政府警察局,南投縣草屯鎮山腳里民權一街109巷口,晴,日間自然光線,村里道路,50,交岔路,四岔路,交叉路口,交叉路口內,柏油,乾燥,無缺陷,無障礙物,良好,良好,無號誌,無號誌,無,無分向設施,未繪設車道線,未繪設快慢車道分隔線,有,車與車,路口交岔撞,駕駛人,未依規定讓車,死亡1;受傷0,1,機車,普通重型,男,81,戴安全帽或繫安全帶(使用幼童安全椅),未使用,車的狀態,向前直行中,機車,右側車身,,,駕駛人,未依規定讓車,否,120.683795,23.964878
2019,6,20190629,133314,A1,南投縣政府警察局,南投縣草屯鎮山腳里民權一街109巷口,晴,日間自然光線,村里道路,50,交岔路,四岔路,交叉路口,交叉路口內,柏油,乾燥,無缺陷,無障礙物,良好,良好,無號誌,無號誌,無,無分向設施,未繪設車道線,未繪設快慢車道分隔線,有,車與車,路口交岔撞,駕駛人,未依規定讓車,死亡1;受傷0,2,小貨車(含客、貨兩用),自用,女,49,戴安全帽或繫安全帶(使用幼童安全椅),未使用,車的狀態,向前直行中,汽車,前車頭,,,駕駛人,未依規定減速,否,120.683795,23.964878
2019,6,20190629,230000,A1,彰化縣警察局,彰化縣彰化市三村里彰興路2段67號前0.0公尺前,晴,夜間(或隧道、地下道、涵洞)有照明,市區道路,50,單路部分,直路,路段,一般車道(未劃分快慢車道),柏油,乾燥,無缺陷,無障礙物,良好,良好,無號誌,無號誌,中央分向島,寛式(50公分以上),車道線(無標記),快慢車道分隔線,有,汽(機)車本身,撞交通島,其他,不明原因肇事,死亡1;受傷0,2,,,無或物(動物、堆置物),0,,,,,,,,,無(非車輛駕駛人因素),尚未發現肇事因素,否,120.586659,24.092178
2019,6,20190629,230000,A1,彰化縣警察局,彰化縣彰化市三村里彰興路2段67號前0.0公尺前,晴,夜間(或隧道、地下道、涵洞)有照明,市區道路,50,單路部分,直路,路段,一般車道(未劃分快慢車道),柏油,乾燥,無缺陷,無障礙物,良好,良好,無號誌,無號誌,中央分向島,寛式(50公分以上),車道線(無標記),快慢車道分隔線,有,汽(機)車本身,撞交通島,其他,不明原因肇事,死亡1;受傷0,1,機車,大型重型2(250-550C.C.),男,21,戴安全帽或繫安全帶(使用幼童安全椅),未使用,車的狀態,向前直行中,機車,左側車身,,,其他,不明原因肇事,否,120.586659,24.092178
2019,6,20190630,094425,A1,新竹市警察局,新竹市東區千甲路418號,晴,日間自然光線,市區道路,50,單路部分,直路,路段,一般車道(未劃分快慢車道),柏油,乾燥,無缺陷,無障礙物,良好,良好,無號誌,無號誌,雙向禁止超車線,無標記,未繪設車道線,未繪設快慢車道分隔線,無,車與車,倒車撞,駕駛人,倒車未依規定,死亡1;受傷0,1,小客車,自用,男,48,不明,不明,車的狀態,倒車,汽車,右後車尾(身),,,駕駛人,倒車未依規定,否,121.013083,24.806881
2019,6,20190630,094425,A1,新竹市警察局,新竹市東區千甲路418號,晴,日間自然光線,市區道路,50,單路部分,直路,路段,一般車道(未劃分快慢車道),柏油,乾燥,無缺陷,無障礙物,良好,良好,無號誌,無號誌,雙向禁止超車線,無標記,未繪設車道線,未繪設快慢車道分隔線,無,車與車,倒車撞,駕駛人,倒車未依規定,死亡1;受傷0,2,機車,普通重型,女,69,不明,不明,車的狀態,向前直行中,機車,前車頭,,,駕駛人,未注意車前狀態,否,121.013083,24.806881
2019,6,20190630,104141,A1,桃園市政府警察局,桃園市八德區瑞泰里介壽路2段附近 / 桃園市八德區巧克力街附近,晴,日間自然光線,市區道路,50,單路部分,直路,路段,一般車道(未劃分快慢車道),柏油,乾燥,無缺陷,無障礙物,良好,良好,無號誌,無號誌,雙向禁止超車線,無標記,車道線(無標記),未繪設快慢車道分隔線,有,車與車,追撞,駕駛人,未注意車前狀態,死亡1;受傷1,1,小客車,自用,男,26,戴安全帽或繫安全帶(使用幼童安全椅),未使用,車的狀態,向前直行中,汽車,前車頭,汽車,前車頭,駕駛人,未注意車前狀態,否,121.297488,24.943399
2019,6,20190630,104141,A1,桃園市政府警察局,桃園市八德區瑞泰里介壽路2段附近 / 桃園市八德區巧克力街附近,晴,日間自然光線,市區道路,50,單路部分,直路,路段,一般車道(未劃分快慢車道),柏油,乾燥,無缺陷,無障礙物,良好,良好,無號誌,無號誌,雙向禁止超車線,無標記,車道線(無標記),未繪設快慢車道分隔線,有,車與車,追撞,駕駛人,未注意車前狀態,死亡1;受傷1,3,人,乘客,女,21,戴安全帽或繫安全帶(使用幼童安全椅),未使用,人的狀態,其他,其他,非汽(機)車,其他,非汽(機)車,無(非車輛駕駛人因素),尚未發現肇事因素,否,121.297488,24.943399
2019,6,20190630,104141,A1,桃園市政府警察局,桃園市八德區瑞泰里介壽路2段附近 / 桃園市八德區巧克力街附近,晴,日間自然光線,市區道路,50,單路部分,直路,路段,一般車道(未劃分快慢車道),柏油,乾燥,無缺陷,無障礙物,良好,良好,無號誌,無號誌,雙向禁止超車線,無標記,車道線(無標記),未繪設快慢車道分隔線,有,車與車,追撞,駕駛人,未注意車前狀態,死亡1;受傷1,2,機車,普通重型,男,28,戴安全帽或繫安全帶(使用幼童安全椅),未使用,車的狀態,向前直行中,機車,後車尾,機車,後車尾,無(車輛駕駛人因素),尚未發現肇事因素,否,121.297488,24.943399
2019,6,20190630,145300,A1,新北市政府警察局,新北市八里區龍米路2段 / 新北市八里區龍米路2段,晴,日間自然光線,市區道路,50,交岔路,三岔路,交叉路口,交叉路口內,柏油,乾燥,無缺陷,無障礙物,良好,良好,無號誌,無號誌,中央分向島,寛式(50公分以上),車道線(無標記),未繪設快慢車道分隔線,有,車與車,側撞,駕駛人,未保持行車安全間隔,死亡1;受傷1,2,機車,普通重型,男,25,戴安全帽或繫安全帶(使用幼童安全椅),未使用,車的狀態,向前直行中,機車,左側車身,機車,左側車身,駕駛人,未注意車前狀態,否,121.438943,25.152855
2019,6,20190630,145300,A1,新北市政府警察局,新北市八里區龍米路2段 / 新北市八里區龍米路2段,晴,日間自然光線,市區道路,50,交岔路,三岔路,交叉路口,交叉路口內,柏油,乾燥,無缺陷,無障礙物,良好,良好,無號誌,無號誌,中央分向島,寛式(50公分以上),車道線(無標記),未繪設快慢車道分隔線,有,車與車,側撞,駕駛人,未保持行車安全間隔,死亡1;受傷1,3,人,乘客,女,63,戴安全帽或繫安全帶(使用幼童安全椅),非汽(機)車駕駛人,人的狀態,其他,其他,非汽(機)車,其他,非汽(機)車,無(非車輛駕駛人因素),尚未發現肇事因素,否,121.438943,25.152855
2019,6,20190630,145300,A1,新北市政府警察局,新北市八里區龍米路2段 / 新北市八里區龍米路2段,晴,日間自然光線,市區道路,50,交岔路,三岔路,交叉路口,交叉路口內,柏油,乾燥,無缺陷,無障礙物,良好,良好,無號誌,無號誌,中央分向島,寛式(50公分以上),車道線(無標記),未繪設快慢車道分隔線,有,車與車,側撞,駕駛人,未保持行車安全間隔,死亡1;受傷1,1,小貨車(含客、貨兩用),自用,男,36,戴安全帽或繫安全帶(使用幼童安全椅),未使用,車的狀態,右轉彎,汽車,右前車頭(身),汽車,右前車頭(身),駕駛人,未保持行車安全間隔,否,121.438943,25.152855
2019,6,20190630,172000,A1,新北市政府警察局,新北市汐止區汐萬路3段前0.0公尺,晴,日間自然光線,市區道路,50,單路部分,直路,路段,一般車道(未劃分快慢車道),柏油,乾燥,無缺陷,無障礙物,良好,良好,無號誌,無號誌,雙向禁止超車線,附標記,未繪設車道線,未繪設快慢車道分隔線,有,汽(機)車本身,路上翻車、摔倒,駕駛人,未注意車前狀態,死亡1;受傷1,2,,,無或物(動物、堆置物),0,,,,,,,,,無(非車輛駕駛人因素),尚未發現肇事因素,否,121.642364,25.097410
2019,6,20190630,172000,A1,新北市政府警察局,新北市汐止區汐萬路3段前0.0公尺,晴,日間自然光線,市區道路,50,單路部分,直路,路段,一般車道(未劃分快慢車道),柏油,乾燥,無缺陷,無障礙物,良好,良好,無號誌,無號誌,雙向禁止超車線,附標記,未繪設車道線,未繪設快慢車道分隔線,有,汽(機)車本身,路上翻車、摔倒,駕駛人,未注意車前狀態,死亡1;受傷1,3,人,乘客,女,20,其他(行人、慢車駕駛人),非汽(機)車駕駛人,人的狀態,不明,其他,不明,其他,不明,無(非車輛駕駛人因素),尚未發現肇事因素,否,121.642364,25.097410
2019,6,20190630,172000,A1,新北市政府警察局,新北市汐止區汐萬路3段前0.0公尺,晴,日間自然光線,市區道路,50,單路部分,直路,路段,一般車道(未劃分快慢車道),柏油,乾燥,無缺陷,無障礙物,良好,良好,無號誌,無號誌,雙向禁止超車線,附標記,未繪設車道線,未繪設快慢車道分隔線,有,汽(機)車本身,路上翻車、摔倒,駕駛人,未注意車前狀態,死亡1;受傷1,1,機車,普通重型,男,20,戴安全帽或繫安全帶(使用幼童安全椅),未使用,車的狀態,向前直行中,機車,前車頭,機車,前車頭,駕駛人,未注意車前狀態,否,121.642364,25.097410
2019,6,20190630,182600,A1,臺南市政府警察局,臺南市新市區大洲里大洲外環道前0.0公尺,晴,日間自然光線,村里道路,50,單路部分,彎曲路及附近,路段,一般車道(未劃分快慢車道),柏油,乾燥,無缺陷,無障礙物,良好,良好,無號誌,無號誌,行車分向線,無標記,車道線(無標記),快慢車道分隔線,有,汽(機)車本身,衝出路外,駕駛人,未注意車前狀態,死亡1;受傷0,2,,,無或物(動物、堆置物),-1,,,,,,,,,無(非車輛駕駛人因素),尚未發現肇事因素,否,120.258329,23.068637
2019,6,20190630,182600,A1,臺南市政府警察局,臺南市新市區大洲里大洲外環道前0.0公尺,晴,日間自然光線,村里道路,50,單路部分,彎曲路及附近,路段,一般車道(未劃分快慢車道),柏油,乾燥,無缺陷,無障礙物,良好,良好,無號誌,無號誌,行車分向線,無標記,車道線(無標記),快慢車道分隔線,有,汽(機)車本身,衝出路外,駕駛人,未注意車前狀態,死亡1;受傷0,1,機車,普通重型,男,62,不明,不明,車的狀態,向前直行中,機車,前車頭,,,駕駛人,未注意車前狀態,否,120.258329,23.068637