發生年度,發生月份,發生日期,發生時間,事故類別名稱,處理單位名稱警局層,發生地點,天候名稱,光線名稱,道路類別-第1當事者-名稱,速限-第1當事者,道路型態大類別名稱,道路型態子類別名稱,事故位置大類別名稱,事故位置子類別名稱,路面狀況-路面鋪裝名稱,路面狀況-路面狀態名稱,路面狀況-路面缺陷名稱,道路障礙-障礙物名稱,道路障礙-視距品質名稱,道路障礙-視距名稱,號誌-號誌種類名稱,號誌-號誌動作名稱,車道劃分設施-分向設施大類別名稱,車道劃分設施-分向設施子類別名稱,車道劃分設施-分道設施-快車道或一般車道間名稱,車道劃分設施-分道設施-快慢車道間名稱,車道劃分設施-分道設施-路面邊線名稱,事故類型及型態大類別名稱,事故類型及型態子類別名稱,肇因研判大類別名稱-主要,肇因研判子類別名稱-主要,死亡受傷人數,當事者順位,當事者區分-類別-大類別名稱-車種,當事者區分-類別-子類別名稱-車種,當事者屬-性-別名稱,當事者事故發生時年齡,保護裝備名稱,行動電話或電腦或其他相類功能裝置名稱,當事者行動狀態大類別名稱,當事者行動狀態子類別名稱,車輛撞擊部位大類別名稱-最初,車輛撞擊部位子類別名稱-最初,車輛撞擊部位大類別名稱-其他,車輛撞擊部位子類別名稱-其他,肇因研判大類別名稱-個別,肇因研判子類別名稱-個別,肇事逃逸類別名稱-是否肇逃,經度,緯度
2019,8,20190830,174634,A1,花蓮縣警察局,花蓮縣壽豐鄉台11線 22公里500.0公尺處,雨,晨或暮光,省道,50,單路部分,彎曲路及附近,路段,一般車道(未劃分快慢車道),柏油,濕潤,無缺陷,無障礙物,良好,良好,無號誌,無號誌,雙向禁止超車線,附標記,未繪設車道線,快慢車道分隔線,有,車與車,對撞,駕駛人,違反特定標誌(線)禁制,死亡1;受傷0,3,小客車,自用,女,44,戴安全帽或繫安全帶(使用幼童安全椅),未使用,車的狀態,向前直行中,汽車,前車頭,,,無(車輛駕駛人因素),尚未發現肇事因素,否,121.593405,23.848880
2019,8,20190830,174634,A1,花蓮縣警察局,花蓮縣壽豐鄉台11線 22公里500.0公尺處,雨,晨或暮光,省道,50,單路部分,彎曲路及附近,路段,一般車道(未劃分快慢車道),柏油,濕潤,無缺陷,無障礙物,良好,良好,無號誌,無號誌,雙向禁止超車線,附標記,未繪設車道線,快慢車道分隔線,有,車與車,對撞,駕駛人,違反特定標誌(線)禁制,死亡1;受傷0,2,曳引車,營業用,男,27,戴安全帽或繫安全帶(使用幼童安全椅),未使用,車的狀態,向前直行中,汽車,左前車頭(身),,,無(車輛駕駛人因素),尚未發現肇事因素,否,121.593405,23.848880
2019,8,20190830,214500,A1,屏東縣政府警察局,屏東縣林邊鄉鎮安村中山路與南二高平面道路口,晴,夜間(或隧道、地下道、涵洞)有照明,省道,70,交岔路,四岔路,交叉路口,交叉路口內,柏油,乾燥,無缺陷,無障礙物,良好,良好,行車管制號誌,正常,中央分向島,寛式(50公分以上),禁止變換車道線(無標記),快慢車道分隔線,有,車與車,側撞,駕駛人,未依規定讓車,死亡1;受傷0,1,小客車,自用,男,42,戴安全帽或繫安全帶(使用幼童安全椅),未使用,車的狀態,左轉彎,汽車,右後車尾(身),,,駕駛人,未依規定讓車,否,120.509742,22.440377
2019,8,20190830,214500,A1,屏東縣政府警察局,屏東縣林邊鄉鎮安村中山路與南二高平面道路口,晴,夜間(或隧道、地下道、涵洞)有照明,省道,70,交岔路,四岔路,交叉路口,交叉路口內,柏油,乾燥,無缺陷,無障礙物,良好,良好,行車管制號誌,正常,中央分向島,寛式(50公分以上),禁止變換車道線(無標記),快慢車道分隔線,有,車與車,側撞,駕駛人,未依規定讓車,死亡1;受傷0,2,機車,大型重型1(550C.C.以上),男,23,戴安全帽或繫安全帶(使用幼童安全椅),未使用,車的狀態,向前直行中,機車,前車頭,,,駕駛人,未注意車前狀態,否,120.509742,22.440377
2019,8,20190831,070100,A1,新北市政府警察局,新北市永和區福和橋往永和道路前0.0公尺,晴,日間自然光線,市區道路,40,單路部分,橋樑,路段,機車優先道,柏油,乾燥,無缺陷,無障礙物,良好,良好,無號誌,無號誌,中央分向島,寛式(50公分以上),車道線(無標記),未繪設快慢車道分隔線,無,汽(機)車本身,撞交通島,駕駛人,疲勞(患病)駕駛失控,死亡1;受傷0,2,,,無或物(動物、堆置物),0,,,,,,,,,交通管制(設施),路況危險無安全(警告)設施,否,121.513888,25.007958
2019,8,20190831,070100,A1,新北市政府警察局,新北市永和區福和橋往永和道路前0.0公尺,晴,日間自然光線,市區道路,40,單路部分,橋樑,路段,機車優先道,柏油,乾燥,無缺陷,無障礙物,良好,良好,無號誌,無號誌,中央分向島,寛式(50公分以上),車道線(無標記),未繪設快慢車道分隔線,無,汽(機)車本身,撞交通島,駕駛人,疲勞(患病)駕駛失控,死亡1;受傷0,1,機車,普通重型,女,61,戴安全帽或繫安全帶(使用幼童安全椅),未使用,車的狀態,向前直行中,機車,前車頭,機車,前車頭,駕駛人,疲勞(患病)駕駛失控,否,121.513888,25.007958
2019,8,20190831,122200,A1,南投縣政府警察局,南投縣水里鄉台16線14.7公里處集集往水里,晴,日間自然光線,省道,60,單路部分,直路,路段,一般車道(未劃分快慢車道),柏油,乾燥,無缺陷,無障礙物,良好,良好,無號誌,無號誌,中央分向島,寛式(50公分以上),未繪設車道線,未繪設快慢車道分隔線,有,汽(機)車本身,撞交通島,駕駛人,超速失控,死亡2;受傷0,2,,,無或物(動物、堆置物),-1,,,,,,,,,無(非車輛駕駛人因素),尚未發現肇事因素,否,120.844950,23.817712
2019,8,20190831,122200,A1,南投縣政府警察局,南投縣水里鄉台16線14.7公里處集集往水里,晴,日間自然光線,省道,60,單路部分,直路,路段,一般車道(未劃分快慢車道),柏油,乾燥,無缺陷,無障礙物,良好,良好,無號誌,無號誌,中央分向島,寛式(50公分以上),未繪設車道線,未繪設快慢車道分隔線,有,汽(機)車本身,撞交通島,駕駛人,超速失控,死亡2;受傷0,3,小客車,自用,男,34,不明,不明,車的狀態,向前直行中,汽車,右後車尾(身),,,無(車輛駕駛人因素),尚未發現肇事因素,否,120.844950,23.817712
2019,8,20190831,122200,A1,南投縣政府警察局,南投縣水里鄉台16線14.7公里處集集往水里,晴,日間自然光線,省道,60,單路部分,直路,路段,一般車道(未劃分快慢車道),柏油,乾燥,無缺陷,無障礙物,良好,良好,無號誌,無號誌,中央分向島,寛式(50公分以上),未繪設車道線,未繪設快慢車道分隔線,有,汽(機)車本身,撞交通島,駕駛人,超速失控,死亡2;受傷0,1,機車,大型重型1(550C.C.以上),男,56,戴安全帽或繫安全帶(使用幼童安全椅),不明,車的狀態,向前直行中,機車,左側車身,,,駕駛人,超速失控,否,120.844950,23.817712
2019,8,20190831,122200,A1,南投縣政府警察局,南投縣水里鄉台16線14.7公里處集集往水里,晴,日間自然光線,省道,60,單路部分,直路,路段,一般車道(未劃分快慢車道),柏油,乾燥,無缺陷,無障礙物,良好,良好,無號誌,無號誌,中央分向島,寛式(50公分以上),未繪設車道線,未繪設快慢車道分隔線,有,汽(機)車本身,撞交通島,駕駛人,超速失控,死亡2;受傷0,4,人,乘客,女,43,戴安全帽或繫安全帶(使用幼童安全椅),不明,人的狀態,其他,其他,非汽(機)車,,,無(非車輛駕駛人因素),尚未發現肇事因素,否,120.844950,23.817712
2019,8,20190831,125600,A1,彰化縣警察局,彰化縣溪州鄉水尾村太平路316弄前0.0公尺,晴,日間自然光線,縣道,40,交岔路,三岔路,交叉路口,交叉路口內,柏油,乾燥,無缺陷,無障礙物,良好,良好,無號誌,無號誌,雙向禁止超車線,無標記,未繪設車道線,未繪設快慢車道分隔線,有,車與車,其他,駕駛人,左轉彎未依規定,死亡1;受傷3,2,小貨車(含客、貨兩用),自用,男,61,不明,不明,車的狀態,靜止(引擎熄火),汽車,左側車身,汽車,左側車身,無(車輛駕駛人因素),尚未發現肇事因素,否,120.466800,23.826310
2019,8,20190831,125600,A1,彰化縣警察局,彰化縣溪州鄉水尾村太平路316弄前0.0公尺,晴,日間自然光線,縣道,40,交岔路,三岔路,交叉路口,交叉路口內,柏油,乾燥,無缺陷,無障礙物,良好,良好,無號誌,無號誌,雙向禁止超車線,無標記,未繪設車道線,未繪設快慢車道分隔線,有,車與車,其他,駕駛人,左轉彎未依規定,死亡1;受傷3,1,大貨車,自用,男,60,戴安全帽或繫安全帶(使用幼童安全椅),未使用,車的狀態,左轉彎,汽車,右前車頭(身),汽車,右側車身,駕駛人,左轉彎未依規定,否,120.466800,23.826310
2019,8,20190831,125600,A1,彰化縣警察局,彰化縣溪州鄉水尾村太平路316弄前0.0公尺,晴,日間自然光線,縣道,40,交岔路,三岔路,交叉路口,交叉路口內,柏油,乾燥,無缺陷,無障礙物,良好,良好,無號誌,無號誌,雙向禁止超車線,無標記,未繪設車道線,未繪設快慢車道分隔線,有,車與車,其他,駕駛人,左轉彎未依規定,死亡1;受傷3,4,人,乘客,女,58,其他(行人、慢車駕駛人),非汽(機)車駕駛人,人的狀態,不明,其他,非汽(機)車,其他,非汽(機)車,無(非車輛駕駛人因素),尚未發現肇事因素,否,120.466800,23.826310
2019,8,20190831,125600,A1,彰化縣警察局,彰化縣溪州鄉水尾村太平路316弄前0.0公尺,晴,日間自然光線,縣道,40,交岔路,三岔路,交叉路口,交叉路口內,柏油,乾燥,無缺陷,無障礙物,良好,良好,無號誌,無號誌,雙向禁止超車線,無標記,未繪設車道線,未繪設快慢車道分隔線,有,車與車,其他,駕駛人,左轉彎未依規定,死亡1;受傷3,3,小客車,自用,女,51,戴安全帽或繫安全帶(使用幼童安全椅),未使用,車的狀態,靜止(引擎熄火),汽車,左側車身,汽車,左側車身,無(車輛駕駛人因素),尚未發現肇事因素,否,120.466800,23.826310
2019,8,20190831,154100,A1,臺北市政府警察局,臺北市北投區大度路2段 / 臺北市北投區承德路7段,晴,日間自然光線,市區道路,70,交岔路,多岔路,交叉路口,交叉路口內,柏油,乾燥,無缺陷,無障礙物,良好,良好,行車管制號誌(附設行人專用號誌),正常,中央分向島,寛式(50公分以上),車道線(無標記),窄式快慢車道分隔島(無柵欄),有,車與車,其他,駕駛人,違反號誌管制或指揮,死亡1;受傷3,1,小客車,自用,男,64,不明,不明,車的狀態,左轉彎,汽車,前車頭,汽車,前車頭,駕駛人,違反號誌管制或指揮,否,121.486143,25.121782
2019,8,20190831,154100,A1,臺北市政府警察局,臺北市北投區大度路2段 / 臺北市北投區承德路7段,晴,日間自然光線,市區道路,70,交岔路,多岔路,交叉路口,交叉路口內,柏油,乾燥,無缺陷,無障礙物,良好,良好,行車管制號誌(附設行人專用號誌),正常,中央分向島,寛式(50公分以上),車道線(無標記),窄式快慢車道分隔島(無柵欄),有,車與車,其他,駕駛人,違反號誌管制或指揮,死亡1;受傷3,4,人,乘客,女,42,其他(行人、慢車駕駛人),非汽(機)車駕駛人,人的狀態,其他,其他,非汽(機)車,其他,非汽(機)車,無(非車輛駕駛人因素),尚未發現肇事因素,否,121.486143,25.121782
2019,8,20190831,154100,A1,臺北市政府警察局,臺北市北投區大度路2段 / 臺北市北投區承德路7段,晴,日間自然光線,市區道路,70,交岔路,多岔路,交叉路口,交叉路口內,柏油,乾燥,無缺陷,無障礙物,良好,良好,行車管制號誌(附設行人專用號誌),正常,中央分向島,寛式(50公分以上),車道線(無標記),窄式快慢車道分隔島(無柵欄),有,車與車,其他,駕駛人,違反號誌管制或指揮,死亡1;受傷3,5,人,乘客,女,31,其他(行人、慢車駕駛人),非汽(機)車駕駛人,人的狀態,其他,其他,非汽(機)車,其他,非汽(機)車,無(非車輛駕駛人因素),尚未發現肇事因素,否,121.486143,25.121782
2019,8,20190831,154100,A1,臺北市政府警察局,臺北市北投區大度路2段 / 臺北市北投區承德路7段,晴,日間自然光線,市區道路,70,交岔路,多岔路,交叉路口,交叉路口內,柏油,乾燥,無缺陷,無障礙物,良好,良好,行車管制號誌(附設行人專用號誌),正常,中央分向島,寛式(50公分以上),車道線(無標記),窄式快慢車道分隔島(無柵欄),有,車與車,其他,駕駛人,違反號誌管制或指揮,死亡1;受傷3,3,機車,普通重型,男,32,戴安全帽或繫安全帶(使用幼童安全椅),不明,車的狀態,向前直行中,機車,前車頭,機車,前車頭,無(車輛駕駛人因素),尚未發現肇事因素,否,121.486143,25.121782
2019,8,20190831,154100,A1,臺北市政府警察局,臺北市北投區大度路2段 / 臺北市北投區承德路7段,晴,日間自然光線,市區道路,70,交岔路,多岔路,交叉路口,交叉路口內,柏油,乾燥,無缺陷,無障礙物,良好,良好,行車管制號誌(附設行人專用號誌),正常,中央分向島,寛式(50公分以上),車道線(無標記),窄式快慢車道分隔島(無柵欄),有,車與車,其他,駕駛人,違反號誌管制或指揮,死亡1;受傷3,2,機車,普通重型,男,42,戴安全帽或繫安全帶(使用幼童安全椅),不明,車的狀態,向前直行中,機車,左側車身,機車,左側車身,無(車輛駕駛人因素),尚未發現肇事因素,否,121.486143,25.121782
2019,9,20190901,050800,A1,新北市政府警察局,新北市板橋區堤外機車專用道路 / 新北市板橋區堤外機車專用道路,晴,夜間(或隧道、地下道、涵洞)有照明,市區道路,40,交岔路,四岔路,交叉路口,交叉路口內,柏油,乾燥,無缺陷,無障礙物,良好,良好,行車管制號誌,正常,雙向禁止超車線,無標記,未繪設車道線,未繪設快慢車道分隔線,有,人與汽(機)車,穿越道路中,駕駛人,搶越行人穿越道,死亡1;受傷1,2,人,行人,女,81,其他(行人、慢車駕駛人),未使用,人的狀態,步行,其他,非汽(機)車,其他,非汽(機)車,無(非車輛駕駛人因素),尚未發現肇事因素,否,121.469820,25.036062
2019,9,20190901,050800,A1,新北市政府警察局,新北市板橋區堤外機車專用道路 / 新北市板橋區堤外機車專用道路,晴,夜間(或隧道、地下道、涵洞)有照明,市區道路,40,交岔路,四岔路,交叉路口,交叉路口內,柏油,乾燥,無缺陷,無障礙物,良好,良好,行車管制號誌,正常,雙向禁止超車線,無標記,未繪設車道線,未繪設快慢車道分隔線,有,人與汽(機)車,穿越道路中,駕駛人,搶越行人穿越道,死亡1;受傷1,1,機車,普通重型,男,18,戴安全帽或繫安全帶(使用幼童安全椅),使用手持或有礙駕駛安全,車的狀態,向前直行中,機車,前車頭,機車,前車頭,駕駛人,搶越行人穿越道,否,121.469820,25.036062
2019,9,20190901,075700,A1,臺中市政府警察局,臺中市西屯區福聯里西屯路三段173之25號前0.0公尺,晴,日間自然光線,市區道路,50,交岔路,多岔路,交叉路口,交叉路口內,柏油,乾燥,無缺陷,無障礙物,良好,良好,行車管制號誌,正常,無,無分向設施,未繪設車道線,未繪設快慢車道分隔線,無,車與車,側撞,其他,不明原因肇事,死亡1;受傷1,1,機車,普通重型,男,68,戴安全帽或繫安全帶(使用幼童安全椅),未使用,車的狀態,右轉彎,機車,左側車身,,,其他,不明原因肇事,否,120.594749,24.190683
2019,9,20190901,075700,A1,臺中市政府警察局,臺中市西屯區福聯里西屯路三段173之25號前0.0公尺,晴,日間自然光線,市區道路,50,交岔路,多岔路,交叉路口,交叉路口內,柏油,乾燥,無缺陷,無障礙物,良好,良好,行車管制號誌,正常,無,無分向設施,未繪設車道線,未繪設快慢車道分隔線,無,車與車,側撞,其他,不明原因肇事,死亡1;受傷1,2,機車,普通重型,女,23,戴安全帽或繫安全帶(使用幼童安全椅),未使用,車的狀態,向前直行中,機車,前車頭,,,其他,不明原因肇事,否,120.594749,24.190683
2019,9,20190901,144039,A1,雲林縣警察局,雲林縣斗南鎮延平北路南側 / 雲林縣斗南鎮義和三路東側,雨,日間自然光線,省道,70,交岔路,三岔路,路段,機車專用道,柏油,濕潤,無缺陷,無障礙物,良好,良好,閃光號誌,正常,中央分向島,寛式(50公分以上),車道線(無標記),快慢車道分隔線,有,車與車,追撞,駕駛人,右轉彎未依規定,死亡1;受傷0,2,機車,普通重型,女,54,戴安全帽或繫安全帶(使用幼童安全椅),不明,車的狀態,向前直行中,機車,前車頭,,,駕駛人,未注意車前狀態,否,120.485146,23.715969
2019,9,20190901,144039,A1,雲林縣警察局,雲林縣斗南鎮延平北路南側 / 雲林縣斗南鎮義和三路東側,雨,日間自然光線,省道,70,交岔路,三岔路,路段,機車專用道,柏油,濕潤,無缺陷,無障礙物,良好,良好,閃光號誌,正常,中央分向島,寛式(50公分以上),車道線(無標記),快慢車道分隔線,有,車與車,追撞,駕駛人,右轉彎未依規定,死亡1;受傷0,1,其他車,拼裝車,男,59,戴安全帽或繫安全帶(使用幼童安全椅),不明,車的狀態,右轉彎,汽車,右後車尾(身),,,駕駛人,右轉彎未依規定,是,120.485146,23.715969
2019,9,20190902,000200,A1,臺中市政府警察局,臺中市西屯區福和里臺灣大道四段295號前0.0公尺,晴,夜間(或隧道、地下道、涵洞)有照明,市區道路,35,單路部分,彎曲路及附近,路段,慢車道,柏油,乾燥,無缺陷,無障礙物,良好,良好,無號誌,無號誌,中央分向島,窄式無柵欄,未繪設車道線,窄式快慢車道分隔島(無柵欄),無,汽(機)車本身,路上翻車、摔倒,其他,不明原因肇事,死亡1;受傷0,2,,,無或物(動物、堆置物),0,,,,,,,,,無(非車輛駕駛人因素),尚未發現肇事因素,否,120.638753,24.159239
2019,9,20190902,000200,A1,臺中市政府警察局,臺中市西屯區福和里臺灣大道四段295號前0.0公尺,晴,夜間(或隧道、地下道、涵洞)有照明,市區道路,35,單路部分,彎曲路及附近,路段,慢車道,柏油,乾燥,無缺陷,無障礙物,良好,良好,無號誌,無號誌,中央分向島,窄式無柵欄,未繪設車道線,窄式快慢車道分隔島(無柵欄),無,汽(機)車本身,路上翻車、摔倒,其他,不明原因肇事,死亡1;受傷0,1,機車,普通重型,男,19,戴安全帽或繫安全帶(使用幼童安全椅),未使用,車的狀態,向前直行中,機車,右側車身,機車,前車頭,其他,不明原因肇事,否,120.638753,24.159239
2019,9,20190902,085300,A1,臺中市政府警察局,臺中市龍井區龍泉里沙田路五段30巷前0.0公尺,晴,日間自然光線,市區道路,50,交岔路,三岔路,交叉路口,交叉路口內,柏油,乾燥,無缺陷,無障礙物,良好,良好,閃光號誌,正常,無,無分向設施,未繪設車道線,未繪設快慢車道分隔線,無,人與汽(機)車,穿越道路中,駕駛人,未注意車前狀態,死亡1;受傷0,1,小客車,自用,男,61,戴安全帽或繫安全帶(使用幼童安全椅),未使用,車的狀態,向前直行中,汽車,前車頭,,,駕駛人,未注意車前狀態,否,120.545791,24.194558
2019,9,20190902,085300,A1,臺中市政府警察局,臺中市龍井區龍泉里沙田路五段30巷前0.0公尺,晴,日間自然光線,市區道路,50,交岔路,三岔路,交叉路口,交叉路口內,柏油,乾燥,無缺陷,無障礙物,良好,良好,閃光號誌,正常,無,無分向設施,未繪設車道線,未繪設快慢車道分隔線,無,人與汽(機)車,穿越道路中,駕駛人,未注意車前狀態,死亡1;受傷0,2,人,行人,女,87,其他(行人、慢車駕駛人),非汽(機)車駕駛人,人的狀態,步行,其他,非汽(機)車,,,無(非車輛駕駛人因素),尚未發現肇事因素,否,120.545791,24.194558
2019,9,20190902,101800,A1,國道公路警察局,臺南市麻豆區國道1號 305公里600.0公尺處南側向外側,晴,日間自然光線,國道,110,單路部分,直路,路段,快車道,柏油,乾燥,無缺陷,無障礙物,良好,良好,無號誌,無號誌,中央分向島,寛式(50公分以上),車道線(附標記),未繪設快慢車道分隔線,有,汽(機)車本身,路上翻車、摔倒,裝載,載貨超重而失控,死亡1;受傷0,2,,,無或物(動物、堆置物),-1,,,,,,,,,無(非車輛駕駛人因素),尚未發現肇事因素,否,120.231686,23.165042
2019,9,20190902,101800,A1,國道公路警察局,臺南市麻豆區國道1號 305公里600.0公尺處南側向外側,晴,日間自然光線,國道,110,單路部分,直路,路段,快車道,柏油,乾燥,無缺陷,無障礙物,良好,良好,無號誌,無號誌,中央分向島,寛式(50公分以上),車道線(附標記),未繪設快慢車道分隔線,有,汽(機)車本身,路上翻車、摔倒,裝載,載貨超重而失控,死亡1;受傷0,3,人,乘客,男,53,戴安全帽或繫安全帶(使用幼童安全椅),未使用,人的狀態,其他,其他,非汽(機)車,,,無(非車輛駕駛人因素),尚未發現肇事因素,否,120.231686,23.165042
2019,9,20190902,101800,A1,國道公路警察局,臺南市麻豆區國道1號 305公里600.0公尺處南側向外側,晴,日間自然光線,國道,110,單路部分,直路,路段,快車道,柏油,乾燥,無缺陷,無障礙物,良好,良好,無號誌,無號誌,中央分向島,寛式(50公分以上),車道線(附標記),未繪設快慢車道分隔線,有,汽(機)車本身,路上翻車、摔倒,裝載,載貨超重而失控,死亡1;受傷0,1,小貨車(含客、貨兩用),自用,男,31,戴安全帽或繫安全帶(使用幼童安全椅),未使用,車的狀態,向前直行中,汽車,右側車身,,,裝載,載貨超重而失控,否,120.231686,23.165042
2019,9,20190902,120400,A1,臺東縣警察局,臺東縣成功鎮東15 1公里500.0公尺處北側向外側,晴,日間自然光線,村里道路,30,單路部分,坡路,路段,一般車道(未劃分快慢車道),柏油,乾燥,突出(高低)不平,其他障礙物,不良,坡道,無號誌,無號誌,無,無分向設施,未繪設車道線,未繪設快慢車道分隔線,無,汽(機)車本身,路上翻車、摔倒,其他,不明原因肇事,死亡1;受傷0,2,,,無或物(動物、堆置物),-1,,,,,,,,,無(非車輛駕駛人因素),尚未發現肇事因素,否,121.380934,23.105283
2019,9,20190902,120400,A1,臺東縣警察局,臺東縣成功鎮東15 1公里500.0公尺處北側向外側,晴,日間自然光線,村里道路,30,單路部分,坡路,路段,一般車道(未劃分快慢車道),柏油,乾燥,突出(高低)不平,其他障礙物,不良,坡道,無號誌,無號誌,無,無分向設施,未繪設車道線,未繪設快慢車道分隔線,無,汽(機)車本身,路上翻車、摔倒,其他,不明原因肇事,死亡1;受傷0,1,機車,普通重型,男,63,戴安全帽或繫安全帶(使用幼童安全椅),未使用,車的狀態,向前直行中,機車,右側車身,,,其他,不明原因肇事,否,121.380934,23.105283
2019,9,20190902,135323,A1,屏東縣政府警察局,屏東縣潮州鎮介壽路口 / 屏東縣潮州鎮民治路口,晴,日間自然光線,市區道路,50,交岔路,四岔路,交叉路口,交叉路口內,柏油,乾燥,無缺陷,其他障礙物,不良,其他,行車管制號誌,正常,無,無分向設施,未繪設車道線,未繪設快慢車道分隔線,無,車與車,側撞,駕駛人,左轉彎未依規定,死亡1;受傷0,1,小貨車(含客、貨兩用),自用,女,69,戴安全帽或繫安全帶(使用幼童安全椅),未使用,車的狀態,左轉彎,汽車,前車頭,,,駕駛人,左轉彎未依規定,否,120.537433,22.546680
2019,9,20190902,135323,A1,屏東縣政府警察局,屏東縣潮州鎮介壽路口 / 屏東縣潮州鎮民治路口,晴,日間自然光線,市區道路,50,交岔路,四岔路,交叉路口,交叉路口內,柏油,乾燥,無缺陷,其他障礙物,不良,其他,行車管制號誌,正常,無,無分向設施,未繪設車道線,未繪設快慢車道分隔線,無,車與車,側撞,駕駛人,左轉彎未依規定,死亡1;受傷0,2,機車,普通重型,男,36,戴安全帽或繫安全帶(使用幼童安全椅),未使用,車的狀態,向前直行中,機車,左側車身,機車,右側車身,駕駛人,未注意車前狀態,否,120.537433,22.546680
2019,9,20190902,165600,A1,新北市政府警察局,新北市瑞芳區臺2線道路 / 新北市瑞芳區臺2線道路,晴,日間自然光線,市區道路,50,交岔路,四岔路,交叉路口,交叉口附近,柏油,乾燥,無缺陷,無障礙物,良好,良好,閃光號誌,正常,雙向禁止超車線,附標記,未繪設車道線,未繪設快慢車道分隔線,有,車與車,側撞,駕駛人,未依規定讓車,死亡1;受傷3,3,人,乘客,男,18,戴安全帽或繫安全帶(使用幼童安全椅),未使用,人的狀態,不明,其他,不明,其他,不明,無(非車輛駕駛人因素),尚未發現肇事因素,否,121.842028,25.122113
2019,9,20190902,165600,A1,新北市政府警察局,新北市瑞芳區臺2線道路 / 新北市瑞芳區臺2線道路,晴,日間自然光線,市區道路,50,交岔路,四岔路,交叉路口,交叉口附近,柏油,乾燥,無缺陷,無障礙物,良好,良好,閃光號誌,正常,雙向禁止超車線,附標記,未繪設車道線,未繪設快慢車道分隔線,有,車與車,側撞,駕駛人,未依規定讓車,死亡1;受傷3,4,人,乘客,女,53,戴安全帽或繫安全帶(使用幼童安全椅),未使用,人的狀態,不明,其他,不明,其他,不明,無(非車輛駕駛人因素),尚未發現肇事因素,否,121.842028,25.122113
2019,9,20190902,165600,A1,新北市政府警察局,新北市瑞芳區臺2線道路 / 新北市瑞芳區臺2線道路,晴,日間自然光線,市區道路,50,交岔路,四岔路,交叉路口,交叉口附近,柏油,乾燥,無缺陷,無障礙物,良好,良好,閃光號誌,正常,雙向禁止超車線,附標記,未繪設車道線,未繪設快慢車道分隔線,有,車與車,側撞,駕駛人,未依規定讓車,死亡1;受傷3,2,機車,普通重型,男,18,戴安全帽或繫安全帶(使用幼童安全椅),未使用,車的狀態,向前直行中,機車,前車頭,機車,前車頭,駕駛人,未注意車前狀態,否,121.842028,25.122113
2019,9,20190902,165600,A1,新北市政府警察局,新北市瑞芳區臺2線道路 / 新北市瑞芳區臺2線道路,晴,日間自然光線,市區道路,50,交岔路,四岔路,交叉路口,交叉口附近,柏油,乾燥,無缺陷,無障礙物,良好,良好,閃光號誌,正常,雙向禁止超車線,附標記,未繪設車道線,未繪設快慢車道分隔線,有,車與車,側撞,駕駛人,未依規定讓車,死亡1;受傷3,1,小客車,自用,男,57,戴安全帽或繫安全帶(使用幼童安全椅),未使用,車的狀態,左轉彎,汽車,左前車頭(身),汽車,左前車頭(身),駕駛人,未依規定讓車,否,121.842028,25.122113
2019,9,20190903,041000,A1,新北市政府警察局,新北市五股區四維路185巷前0.0公尺,晴,夜間(或隧道、地下道、涵洞)有照明,市區道路,40,單路部分,直路,路段,一般車道(未劃分快慢車道),柏油,乾燥,無缺陷,無障礙物,良好,良好,無號誌,無號誌,無,無分向設施,未繪設車道線,未繪設快慢車道分隔線,無,車與車,其他,其他,違規停車或暫停不當而肇事,死亡1;受傷0,1,小貨車(含客、貨兩用),自用,男,39,不明,不明,車的狀態,靜止(引擎熄火),汽車,後車尾,汽車,後車尾,其他,違規停車或暫停不當而肇事,否,121.464605,25.077640
2019,9,20190903,041000,A1,新北市政府警察局,新北市五股區四維路185巷前0.0公尺,晴,夜間(或隧道、地下道、涵洞)有照明,市區道路,40,單路部分,直路,路段,一般車道(未劃分快慢車道),柏油,乾燥,無缺陷,無障礙物,良好,良好,無號誌,無號誌,無,無分向設施,未繪設車道線,未繪設快慢車道分隔線,無,車與車,其他,其他,違規停車或暫停不當而肇事,死亡1;受傷0,2,機車,普通重型,男,51,戴安全帽或繫安全帶(使用幼童安全椅),未使用,車的狀態,向前直行中,機車,前車頭,機車,前車頭,駕駛人,未注意車前狀態,否,121.464605,25.077640
2019,9,20190903,062200,A1,臺中市政府警察局,臺中市大肚區頂街里華山路前0.0公尺,晴,日間自然光線,市區道路,50,單路部分,彎曲路及附近,路段,一般車道(未劃分快慢車道),柏油,乾燥,無缺陷,無障礙物,良好,良好,無號誌,無號誌,雙向禁止超車線,附標記,未繪設車道線,未繪設快慢車道分隔線,有,車與車,對向擦撞,駕駛人,違反特定標誌(線)禁制,死亡1;受傷0,1,機車,普通重型,男,17,戴安全帽或繫安全帶(使用幼童安全椅),未使用,車的狀態,向前直行中,機車,前車頭,機車,左側車身,駕駛人,違反特定標誌(線)禁制,否,120.549626,24.157974
2019,9,20190903,062200,A1,臺中市政府警察局,臺中市大肚區頂街里華山路前0.0公尺,晴,日間自然光線,市區道路,50,單路部分,彎曲路及附近,路段,一般車道(未劃分快慢車道),柏油,乾燥,無缺陷,無障礙物,良好,良好,無號誌,無號誌,雙向禁止超車線,附標記,未繪設車道線,未繪設快慢車道分隔線,有,車與車,對向擦撞,駕駛人,違反特定標誌(線)禁制,死亡1;受傷0,2,小貨車(含客、貨兩用),自用,男,67,戴安全帽或繫安全帶(使用幼童安全椅),未使用,車的狀態,向前直行中,汽車,左前車頭(身),汽車,前車頭,無(車輛駕駛人因素),尚未發現肇事因素,否,120.549626,24.157974