發生年度,發生月份,發生日期,發生時間,事故類別名稱,處理單位名稱警局層,發生地點,天候名稱,光線名稱,道路類別-第1當事者-名稱,速限-第1當事者,道路型態大類別名稱,道路型態子類別名稱,事故位置大類別名稱,事故位置子類別名稱,路面狀況-路面鋪裝名稱,路面狀況-路面狀態名稱,路面狀況-路面缺陷名稱,道路障礙-障礙物名稱,道路障礙-視距品質名稱,道路障礙-視距名稱,號誌-號誌種類名稱,號誌-號誌動作名稱,車道劃分設施-分向設施大類別名稱,車道劃分設施-分向設施子類別名稱,車道劃分設施-分道設施-快車道或一般車道間名稱,車道劃分設施-分道設施-快慢車道間名稱,車道劃分設施-分道設施-路面邊線名稱,事故類型及型態大類別名稱,事故類型及型態子類別名稱,肇因研判大類別名稱-主要,肇因研判子類別名稱-主要,死亡受傷人數,當事者順位,當事者區分-類別-大類別名稱-車種,當事者區分-類別-子類別名稱-車種,當事者屬-性-別名稱,當事者事故發生時年齡,保護裝備名稱,行動電話或電腦或其他相類功能裝置名稱,當事者行動狀態大類別名稱,當事者行動狀態子類別名稱,車輛撞擊部位大類別名稱-最初,車輛撞擊部位子類別名稱-最初,車輛撞擊部位大類別名稱-其他,車輛撞擊部位子類別名稱-其他,肇因研判大類別名稱-個別,肇因研判子類別名稱-個別,肇事逃逸類別名稱-是否肇逃,經度,緯度
2019,9,20190903,150102,A1,嘉義縣警察局,嘉義縣義竹鄉中平村163線27.1公里,晴,日間自然光線,縣道,60,單路部分,直路,路段,慢車道,柏油,乾燥,無缺陷,無障礙物,良好,良好,無號誌,無號誌,雙向禁止超車線,附標記,車道線(無標記),未繪設快慢車道分隔線,有,汽(機)車本身,撞號誌、標誌桿,駕駛人,未注意車前狀態,死亡1;受傷0,2,,,無或物(動物、堆置物),-1,,,,,,,,,無(非車輛駕駛人因素),尚未發現肇事因素,否,120.275338,23.359776
2019,9,20190903,150102,A1,嘉義縣警察局,嘉義縣義竹鄉中平村163線27.1公里,晴,日間自然光線,縣道,60,單路部分,直路,路段,慢車道,柏油,乾燥,無缺陷,無障礙物,良好,良好,無號誌,無號誌,雙向禁止超車線,附標記,車道線(無標記),未繪設快慢車道分隔線,有,汽(機)車本身,撞號誌、標誌桿,駕駛人,未注意車前狀態,死亡1;受傷0,1,機車,普通重型,男,58,戴安全帽或繫安全帶(使用幼童安全椅),不明,車的狀態,向前直行中,機車,右側車身,機車,右側車身,駕駛人,未注意車前狀態,否,120.275338,23.359776
2019,9,20190903,175627,A1,宜蘭縣政府警察局,宜蘭縣宜蘭市慈安路前0.0公尺,晴,日間自然光線,鄉道,40,單路部分,橋樑,路段,路肩、路緣,柏油,乾燥,無缺陷,無障礙物,良好,良好,無號誌,無號誌,雙向禁止超車線,無標記,未繪設車道線,未繪設快慢車道分隔線,有,汽(機)車本身,撞橋樑、建築物,其他,不明原因肇事,死亡1;受傷0,2,,,無或物(動物、堆置物),-1,,,,,,,,,無(非車輛駕駛人因素),尚未發現肇事因素,否,121.765023,24.761261
2019,9,20190903,175627,A1,宜蘭縣政府警察局,宜蘭縣宜蘭市慈安路前0.0公尺,晴,日間自然光線,鄉道,40,單路部分,橋樑,路段,路肩、路緣,柏油,乾燥,無缺陷,無障礙物,良好,良好,無號誌,無號誌,雙向禁止超車線,無標記,未繪設車道線,未繪設快慢車道分隔線,有,汽(機)車本身,撞橋樑、建築物,其他,不明原因肇事,死亡1;受傷0,1,機車,普通重型,男,37,未戴案全帽或未繫安全帶(未使用幼童安全椅),未使用,車的狀態,向前直行中,機車,前車頭,,,其他,不明原因肇事,否,121.765023,24.761261
2019,9,20190903,204600,A1,臺中市政府警察局,臺中市潭子區福仁里環中東路一段前0.0公尺,陰,夜間(或隧道、地下道、涵洞)有照明,市區道路,50,交岔路,四岔路,交叉路口,交叉路口內,柏油,乾燥,無缺陷,無障礙物,良好,良好,行車管制號誌,正常,中央分向島,寛式(50公分以上),車道線(無標記),快慢車道分隔線,無,車與車,側撞,駕駛人,違反號誌管制或指揮,死亡1;受傷0,1,機車,普通重型,男,18,戴安全帽或繫安全帶(使用幼童安全椅),未使用,車的狀態,向前直行中,機車,前車頭,,,駕駛人,違反號誌管制或指揮,否,120.709543,24.200763
2019,9,20190903,204600,A1,臺中市政府警察局,臺中市潭子區福仁里環中東路一段前0.0公尺,陰,夜間(或隧道、地下道、涵洞)有照明,市區道路,50,交岔路,四岔路,交叉路口,交叉路口內,柏油,乾燥,無缺陷,無障礙物,良好,良好,行車管制號誌,正常,中央分向島,寛式(50公分以上),車道線(無標記),快慢車道分隔線,無,車與車,側撞,駕駛人,違反號誌管制或指揮,死亡1;受傷0,2,大貨車,自用,男,30,戴安全帽或繫安全帶(使用幼童安全椅),未使用,車的狀態,左轉彎,汽車,右側車身,,,無(車輛駕駛人因素),尚未發現肇事因素,否,120.709543,24.200763
2019,9,20190903,213029,A1,苗栗縣警察局,苗栗縣後龍鎮後龍鎮南龍里營盤埔土地公往西200公尺處,晴,日間自然光線,村里道路,40,單路部分,直路,路段,一般車道(未劃分快慢車道),柏油,乾燥,有坑洞,無障礙物,良好,良好,無號誌,無號誌,無,無分向設施,未繪設車道線,未繪設快慢車道分隔線,有,汽(機)車本身,路上翻車、摔倒,其他,不明原因肇事,死亡1;受傷1,2,,,無或物(動物、堆置物),-1,,,,,,,,,無(非車輛駕駛人因素),尚未發現肇事因素,否,120.785292,24.613068
2019,9,20190903,213029,A1,苗栗縣警察局,苗栗縣後龍鎮後龍鎮南龍里營盤埔土地公往西200公尺處,晴,日間自然光線,村里道路,40,單路部分,直路,路段,一般車道(未劃分快慢車道),柏油,乾燥,有坑洞,無障礙物,良好,良好,無號誌,無號誌,無,無分向設施,未繪設車道線,未繪設快慢車道分隔線,有,汽(機)車本身,路上翻車、摔倒,其他,不明原因肇事,死亡1;受傷1,1,機車,普通重型,男,68,戴安全帽或繫安全帶(使用幼童安全椅),未使用,車的狀態,向前直行中,其他,不明,,,其他,不明原因肇事,否,120.785292,24.613068
2019,9,20190903,213029,A1,苗栗縣警察局,苗栗縣後龍鎮後龍鎮南龍里營盤埔土地公往西200公尺處,晴,日間自然光線,村里道路,40,單路部分,直路,路段,一般車道(未劃分快慢車道),柏油,乾燥,有坑洞,無障礙物,良好,良好,無號誌,無號誌,無,無分向設施,未繪設車道線,未繪設快慢車道分隔線,有,汽(機)車本身,路上翻車、摔倒,其他,不明原因肇事,死亡1;受傷1,3,人,乘客,女,4,戴安全帽或繫安全帶(使用幼童安全椅),未使用,人的狀態,其他,其他,非汽(機)車,,,無(非車輛駕駛人因素),尚未發現肇事因素,否,120.785292,24.613068
2019,9,20190904,041527,A1,國道公路警察局,臺南市麻豆區國道1號 304公里600.0公尺處南側向外側,晴,夜間(或隧道、地下道、涵洞)無照明,國道,90,單路部分,直路,路段,快車道,柏油,乾燥,無缺陷,無障礙物,良好,良好,無號誌,無號誌,中央分向島,寛式(50公分以上),車道線(附標記),未繪設快慢車道分隔線,有,車與車,追撞,駕駛人,未注意車前狀態,死亡1;受傷1,4,全聯結車,營業用,男,50,戴安全帽或繫安全帶(使用幼童安全椅),未使用,車的狀態,向前直行中,汽車,前車頭,,,駕駛人,未注意車前狀態,否,120.235662,23.181732
2019,9,20190904,041527,A1,國道公路警察局,臺南市麻豆區國道1號 304公里600.0公尺處南側向外側,晴,夜間(或隧道、地下道、涵洞)無照明,國道,90,單路部分,直路,路段,快車道,柏油,乾燥,無缺陷,無障礙物,良好,良好,無號誌,無號誌,中央分向島,寛式(50公分以上),車道線(附標記),未繪設快慢車道分隔線,有,車與車,追撞,駕駛人,未注意車前狀態,死亡1;受傷1,2,半聯結車,營業用,男,49,戴安全帽或繫安全帶(使用幼童安全椅),未使用,車的狀態,向前直行中,汽車,後車尾,,,無(車輛駕駛人因素),尚未發現肇事因素,否,120.235662,23.181732
2019,9,20190904,041527,A1,國道公路警察局,臺南市麻豆區國道1號 304公里600.0公尺處南側向外側,晴,夜間(或隧道、地下道、涵洞)無照明,國道,90,單路部分,直路,路段,快車道,柏油,乾燥,無缺陷,無障礙物,良好,良好,無號誌,無號誌,中央分向島,寛式(50公分以上),車道線(附標記),未繪設快慢車道分隔線,有,車與車,追撞,駕駛人,未注意車前狀態,死亡1;受傷1,1,半聯結車,營業用,男,36,戴安全帽或繫安全帶(使用幼童安全椅),未使用,車的狀態,向前直行中,汽車,前車頭,汽車,左後車尾(身),駕駛人,未注意車前狀態,否,120.235662,23.181732
2019,9,20190904,041527,A1,國道公路警察局,臺南市麻豆區國道1號 304公里600.0公尺處南側向外側,晴,夜間(或隧道、地下道、涵洞)無照明,國道,90,單路部分,直路,路段,快車道,柏油,乾燥,無缺陷,無障礙物,良好,良好,無號誌,無號誌,中央分向島,寛式(50公分以上),車道線(附標記),未繪設快慢車道分隔線,有,車與車,追撞,駕駛人,未注意車前狀態,死亡1;受傷1,3,半聯結車,營業用,男,57,戴安全帽或繫安全帶(使用幼童安全椅),未使用,車的狀態,向前直行中,汽車,右前車頭(身),汽車,前車頭,駕駛人,未注意車前狀態,否,120.235662,23.181732
2019,9,20190904,095300,A1,高雄市政府警察局,高雄市鳳山區建國路1段北門353燈桿號前0.0公尺,雨,日間自然光線,市區道路,70,單路部分,直路,路段,快車道,柏油,濕潤,無缺陷,無障礙物,良好,良好,無號誌,無號誌,中央分向島,窄式無柵欄,車道線(無標記),快慢車道分隔線,有,人與汽(機)車,同向通行中,駕駛人,未注意車前狀態,死亡1;受傷0,2,人,行人,男,94,不明,不明,人的狀態,其他,其他,非汽(機)車,其他,非汽(機)車,無(非車輛駕駛人因素),尚未發現肇事因素,否,120.367037,22.634872
2019,9,20190904,095300,A1,高雄市政府警察局,高雄市鳳山區建國路1段北門353燈桿號前0.0公尺,雨,日間自然光線,市區道路,70,單路部分,直路,路段,快車道,柏油,濕潤,無缺陷,無障礙物,良好,良好,無號誌,無號誌,中央分向島,窄式無柵欄,車道線(無標記),快慢車道分隔線,有,人與汽(機)車,同向通行中,駕駛人,未注意車前狀態,死亡1;受傷0,1,大貨車,營業用,男,27,戴安全帽或繫安全帶(使用幼童安全椅),未使用,車的狀態,向前直行中,汽車,右前車頭(身),汽車,右前車頭(身),駕駛人,未注意車前狀態,否,120.367037,22.634872
2019,9,20190904,150200,A1,嘉義縣警察局,嘉義縣新港鄉潭大村嘉66線1.4公里處與嘉61線,陰,日間自然光線,鄉道,40,交岔路,三岔路,交叉路口,交叉路口內,柏油,乾燥,無缺陷,無障礙物,良好,良好,無號誌,無號誌,無,無分向設施,未繪設車道線,未繪設快慢車道分隔線,無,車與車,側撞,駕駛人,左轉彎未依規定,死亡1;受傷3,2,機車,普通重型,男,21,戴安全帽或繫安全帶(使用幼童安全椅),未使用,車的狀態,向前直行中,機車,左側車身,,,駕駛人,未注意車前狀態,否,120.334852,23.530492
2019,9,20190904,150200,A1,嘉義縣警察局,嘉義縣新港鄉潭大村嘉66線1.4公里處與嘉61線,陰,日間自然光線,鄉道,40,交岔路,三岔路,交叉路口,交叉路口內,柏油,乾燥,無缺陷,無障礙物,良好,良好,無號誌,無號誌,無,無分向設施,未繪設車道線,未繪設快慢車道分隔線,無,車與車,側撞,駕駛人,左轉彎未依規定,死亡1;受傷3,1,機車,普通重型,男,80,未戴案全帽或未繫安全帶(未使用幼童安全椅),未使用,車的狀態,左轉彎,機車,左側車身,,,駕駛人,左轉彎未依規定,否,120.334852,23.530492
2019,9,20190904,150200,A1,嘉義縣警察局,嘉義縣新港鄉潭大村嘉66線1.4公里處與嘉61線,陰,日間自然光線,鄉道,40,交岔路,三岔路,交叉路口,交叉路口內,柏油,乾燥,無缺陷,無障礙物,良好,良好,無號誌,無號誌,無,無分向設施,未繪設車道線,未繪設快慢車道分隔線,無,車與車,側撞,駕駛人,左轉彎未依規定,死亡1;受傷3,4,人,乘客,女,16,戴安全帽或繫安全帶(使用幼童安全椅),非汽(機)車駕駛人,人的狀態,不明,其他,非汽(機)車,,,無(非車輛駕駛人因素),尚未發現肇事因素,否,120.334852,23.530492
2019,9,20190904,150200,A1,嘉義縣警察局,嘉義縣新港鄉潭大村嘉66線1.4公里處與嘉61線,陰,日間自然光線,鄉道,40,交岔路,三岔路,交叉路口,交叉路口內,柏油,乾燥,無缺陷,無障礙物,良好,良好,無號誌,無號誌,無,無分向設施,未繪設車道線,未繪設快慢車道分隔線,無,車與車,側撞,駕駛人,左轉彎未依規定,死亡1;受傷3,3,人,乘客,女,80,未戴案全帽或未繫安全帶(未使用幼童安全椅),非汽(機)車駕駛人,人的狀態,不明,其他,非汽(機)車,,,無(非車輛駕駛人因素),尚未發現肇事因素,否,120.334852,23.530492
2019,9,20190904,151800,A1,花蓮縣警察局,花蓮縣卓溪鄉卓溪33之1號,雨,日間自然光線,村里道路,40,交岔路,三岔路,交叉路口,交叉口附近,柏油,濕潤,無缺陷,無障礙物,良好,良好,無號誌,無號誌,無,無分向設施,未繪設車道線,未繪設快慢車道分隔線,無,人與汽(機)車,其他,駕駛人,未注意車前狀態,死亡1;受傷0,1,小客車,計程車,男,63,戴安全帽或繫安全帶(使用幼童安全椅),未使用,車的狀態,右轉彎,汽車,前車頭,汽車,車底,駕駛人,未注意車前狀態,否,121.293654,23.346772
2019,9,20190904,151800,A1,花蓮縣警察局,花蓮縣卓溪鄉卓溪33之1號,雨,日間自然光線,村里道路,40,交岔路,三岔路,交叉路口,交叉口附近,柏油,濕潤,無缺陷,無障礙物,良好,良好,無號誌,無號誌,無,無分向設施,未繪設車道線,未繪設快慢車道分隔線,無,人與汽(機)車,其他,駕駛人,未注意車前狀態,死亡1;受傷0,2,人,行人,女,81,其他(行人、慢車駕駛人),非汽(機)車駕駛人,人的狀態,其他,其他,非汽(機)車,,,行人(或乘客),其他引起事故之疏失或行為,否,121.293654,23.346772
2019,9,20190904,183000,A1,臺北市政府警察局,臺北市中正區林森南路地下道前0.0公尺,晴,夜間(或隧道、地下道、涵洞)有照明,市區道路,50,單路部分,地下道,路段,一般車道(未劃分快慢車道),柏油,乾燥,無缺陷,無障礙物,良好,良好,無號誌,無號誌,行車分向線,無標記,車道線(無標記),未繪設快慢車道分隔線,有,車與車,追撞,無(車輛駕駛人因素),尚未發現肇事因素,死亡1;受傷0,2,機車,普通重型,男,32,戴安全帽或繫安全帶(使用幼童安全椅),未使用,車的狀態,向前直行中,機車,前車頭,機車,前車頭,駕駛人,未注意車前狀態,否,121.519772,25.034740
2019,9,20190904,183000,A1,臺北市政府警察局,臺北市中正區林森南路地下道前0.0公尺,晴,夜間(或隧道、地下道、涵洞)有照明,市區道路,50,單路部分,地下道,路段,一般車道(未劃分快慢車道),柏油,乾燥,無缺陷,無障礙物,良好,良好,無號誌,無號誌,行車分向線,無標記,車道線(無標記),未繪設快慢車道分隔線,有,車與車,追撞,無(車輛駕駛人因素),尚未發現肇事因素,死亡1;受傷0,1,小客車,自用,女,46,戴安全帽或繫安全帶(使用幼童安全椅),未使用,車的狀態,等待(引擎未熄火),汽車,左後車尾(身),汽車,左後車尾(身),無(車輛駕駛人因素),尚未發現肇事因素,否,121.519772,25.034740
2019,9,20190904,183200,A1,新北市政府警察局,新北市新店區行人穿越道,陰,夜間(或隧道、地下道、涵洞)有照明,市區道路,30,單路部分,直路,其他,行人穿越道,柏油,乾燥,無缺陷,無障礙物,良好,良好,閃光號誌,正常,雙向禁止超車線,無標記,未繪設車道線,未繪設快慢車道分隔線,有,人與汽(機)車,穿越道路中,駕駛人,搶越行人穿越道,死亡1;受傷0,2,人,行人,女,64,其他(行人、慢車駕駛人),非汽(機)車駕駛人,人的狀態,步行,其他,非汽(機)車,其他,非汽(機)車,無(非車輛駕駛人因素),尚未發現肇事因素,否,121.487811,24.951705
2019,9,20190904,183200,A1,新北市政府警察局,新北市新店區行人穿越道,陰,夜間(或隧道、地下道、涵洞)有照明,市區道路,30,單路部分,直路,其他,行人穿越道,柏油,乾燥,無缺陷,無障礙物,良好,良好,閃光號誌,正常,雙向禁止超車線,無標記,未繪設車道線,未繪設快慢車道分隔線,有,人與汽(機)車,穿越道路中,駕駛人,搶越行人穿越道,死亡1;受傷0,1,小客車,自用,女,62,戴安全帽或繫安全帶(使用幼童安全椅),未使用,車的狀態,向前直行中,汽車,左前車頭(身),汽車,左前車頭(身),駕駛人,搶越行人穿越道,否,121.487811,24.951705
2019,9,20190904,184321,A1,南投縣政府警察局,南投縣魚池鄉台21甲線 20公里300.0公尺處,雨,夜間(或隧道、地下道、涵洞)有照明,省道,40,單路部分,直路,路段,一般車道(未劃分快慢車道),柏油,濕潤,無缺陷,無障礙物,良好,良好,無號誌,無號誌,行車分向線,附標記,未繪設車道線,未繪設快慢車道分隔線,有,汽(機)車本身,路上翻車、摔倒,駕駛人,酒醉(後)駕駛失控,死亡1;受傷0,2,,,無或物(動物、堆置物),-1,,,,,,,,,無(非車輛駕駛人因素),尚未發現肇事因素,否,120.899444,23.835318
2019,9,20190904,184321,A1,南投縣政府警察局,南投縣魚池鄉台21甲線 20公里300.0公尺處,雨,夜間(或隧道、地下道、涵洞)有照明,省道,40,單路部分,直路,路段,一般車道(未劃分快慢車道),柏油,濕潤,無缺陷,無障礙物,良好,良好,無號誌,無號誌,行車分向線,附標記,未繪設車道線,未繪設快慢車道分隔線,有,汽(機)車本身,路上翻車、摔倒,駕駛人,酒醉(後)駕駛失控,死亡1;受傷0,1,機車,普通重型,男,26,不明,不明,人的狀態,不明,機車,左側車身,,,駕駛人,酒醉(後)駕駛失控,否,120.899444,23.835318
2019,9,20190905,091700,A1,臺中市政府警察局,臺中市北屯區后庄里松竹路三段前0.0公尺,晴,日間自然光線,市區道路,40,交岔路,四岔路,交叉路口,交叉路口內,柏油,乾燥,無缺陷,無障礙物,良好,良好,無號誌,無號誌,無,無分向設施,未繪設車道線,未繪設快慢車道分隔線,無,車與車,側撞,駕駛人,左轉彎未依規定,死亡1;受傷0,1,機車,普通重型,女,61,不明,不明,車的狀態,左轉彎,機車,左側車身,,,駕駛人,左轉彎未依規定,否,120.670885,24.195770
2019,9,20190905,091700,A1,臺中市政府警察局,臺中市北屯區后庄里松竹路三段前0.0公尺,晴,日間自然光線,市區道路,40,交岔路,四岔路,交叉路口,交叉路口內,柏油,乾燥,無缺陷,無障礙物,良好,良好,無號誌,無號誌,無,無分向設施,未繪設車道線,未繪設快慢車道分隔線,無,車與車,側撞,駕駛人,左轉彎未依規定,死亡1;受傷0,2,小客車,自用,男,35,不明,不明,車的狀態,向前直行中,汽車,右前車頭(身),,,駕駛人,未注意車前狀態,否,120.670885,24.195770
2019,9,20190905,114500,A1,高雄市政府警察局,高雄市湖內區湖中路687巷21號前0.0公尺前,晴,日間自然光線,市區道路,40,單路部分,直路,路段,路肩、路緣,柏油,乾燥,無缺陷,無障礙物,良好,良好,無號誌,無號誌,無,無分向設施,未繪設車道線,未繪設快慢車道分隔線,有,汽(機)車本身,衝出路外,駕駛人,未注意車前狀態,死亡1;受傷0,2,,,無或物(動物、堆置物),108,,,,,,,,,無(非車輛駕駛人因素),尚未發現肇事因素,否,120.206300,22.898130
2019,9,20190905,114500,A1,高雄市政府警察局,高雄市湖內區湖中路687巷21號前0.0公尺前,晴,日間自然光線,市區道路,40,單路部分,直路,路段,路肩、路緣,柏油,乾燥,無缺陷,無障礙物,良好,良好,無號誌,無號誌,無,無分向設施,未繪設車道線,未繪設快慢車道分隔線,有,汽(機)車本身,衝出路外,駕駛人,未注意車前狀態,死亡1;受傷0,1,機車,普通重型,男,48,戴安全帽或繫安全帶(使用幼童安全椅),未使用,車的狀態,向前直行中,機車,前車頭,機車,前車頭,駕駛人,未注意車前狀態,否,120.206300,22.898130
2019,9,20190905,143900,A1,臺中市政府警察局,臺中市沙鹿區斗抵里斗潭路195巷12號前0.0公尺,陰,日間自然光線,市區道路,50,交岔路,三岔路,交叉路口,交叉路口內,柏油,乾燥,無缺陷,無障礙物,良好,良好,無號誌,無號誌,無,無分向設施,未繪設車道線,未繪設快慢車道分隔線,無,汽(機)車本身,路上翻車、摔倒,駕駛人,酒醉(後)駕駛失控,死亡1;受傷0,2,,,無或物(動物、堆置物),0,,,,,,,,,無(非車輛駕駛人因素),尚未發現肇事因素,否,120.553159,24.226036
2019,9,20190905,143900,A1,臺中市政府警察局,臺中市沙鹿區斗抵里斗潭路195巷12號前0.0公尺,陰,日間自然光線,市區道路,50,交岔路,三岔路,交叉路口,交叉路口內,柏油,乾燥,無缺陷,無障礙物,良好,良好,無號誌,無號誌,無,無分向設施,未繪設車道線,未繪設快慢車道分隔線,無,汽(機)車本身,路上翻車、摔倒,駕駛人,酒醉(後)駕駛失控,死亡1;受傷0,1,機車,普通重型,男,65,戴安全帽或繫安全帶(使用幼童安全椅),未使用,車的狀態,向前直行中,機車,左側車身,,,駕駛人,酒醉(後)駕駛失控,否,120.553159,24.226036
2019,9,20190905,201002,A1,臺南市政府警察局,臺南市永康區東橋里東橋七路(永康區路燈編號第1079號對面),晴,日間自然光線,市區道路,50,單路部分,直路,路段,一般車道(未劃分快慢車道),柏油,乾燥,無缺陷,無障礙物,良好,良好,無號誌,無號誌,雙向禁止超車線,附標記,未繪設車道線,未繪設快慢車道分隔線,無,車與車,追撞,駕駛人,未注意車前狀態,死亡1;受傷1,1,機車,普通重型,女,32,戴安全帽或繫安全帶(使用幼童安全椅),未使用,車的狀態,向前直行中,機車,前車頭,,,駕駛人,未注意車前狀態,否,120.236890,23.021865
2019,9,20190905,201002,A1,臺南市政府警察局,臺南市永康區東橋里東橋七路(永康區路燈編號第1079號對面),晴,日間自然光線,市區道路,50,單路部分,直路,路段,一般車道(未劃分快慢車道),柏油,乾燥,無缺陷,無障礙物,良好,良好,無號誌,無號誌,雙向禁止超車線,附標記,未繪設車道線,未繪設快慢車道分隔線,無,車與車,追撞,駕駛人,未注意車前狀態,死亡1;受傷1,2,慢車,腳踏自行車,男,62,戴安全帽或繫安全帶(使用幼童安全椅),未使用,車的狀態,向前直行中,其他,非汽(機)車,,,無(車輛駕駛人因素),尚未發現肇事因素,否,120.236890,23.021865
2019,9,20190905,205000,A1,屏東縣政府警察局,屏東縣長治鄉新民街57-3號前,晴,夜間(或隧道、地下道、涵洞)有照明,村里道路,40,單路部分,直路,路段,路肩、路緣,柏油,乾燥,無缺陷,無障礙物,良好,良好,無號誌,無號誌,行車分向線,無標記,未繪設車道線,未繪設快慢車道分隔線,有,車與車,追撞,駕駛人,酒醉(後)駕駛失控,死亡1;受傷0,2,小貨車(含客、貨兩用),自用,男,43,不明,不明,車的狀態,靜止(引擎熄火),汽車,左後車尾(身),,,無(車輛駕駛人因素),尚未發現肇事因素,否,120.519959,22.681202
2019,9,20190905,205000,A1,屏東縣政府警察局,屏東縣長治鄉新民街57-3號前,晴,夜間(或隧道、地下道、涵洞)有照明,村里道路,40,單路部分,直路,路段,路肩、路緣,柏油,乾燥,無缺陷,無障礙物,良好,良好,無號誌,無號誌,行車分向線,無標記,未繪設車道線,未繪設快慢車道分隔線,有,車與車,追撞,駕駛人,酒醉(後)駕駛失控,死亡1;受傷0,1,機車,普通重型,男,37,未戴案全帽或未繫安全帶(未使用幼童安全椅),不明,車的狀態,向前直行中,機車,前車頭,,,駕駛人,酒醉(後)駕駛失控,否,120.519959,22.681202
2019,9,20190906,102500,A1,彰化縣警察局,彰化縣二林鎮原斗里斗苑路2段 / 彰化縣二林鎮原斗里萬原路1段,晴,日間自然光線,村里道路,50,交岔路,四岔路,交叉路口,交叉路口內,柏油,乾燥,無缺陷,無障礙物,良好,良好,行車管制號誌(附設行人專用號誌),正常,無,無分向設施,未繪設車道線,未繪設快慢車道分隔線,有,車與車,側撞,駕駛人,違反特定標誌(線)禁制,死亡1;受傷0,1,機車,普通重型,男,79,戴安全帽或繫安全帶(使用幼童安全椅),未使用,車的狀態,左轉彎,機車,左側車身,,,駕駛人,違反特定標誌(線)禁制,否,120.425739,23.896924
2019,9,20190906,102500,A1,彰化縣警察局,彰化縣二林鎮原斗里斗苑路2段 / 彰化縣二林鎮原斗里萬原路1段,晴,日間自然光線,村里道路,50,交岔路,四岔路,交叉路口,交叉路口內,柏油,乾燥,無缺陷,無障礙物,良好,良好,行車管制號誌(附設行人專用號誌),正常,無,無分向設施,未繪設車道線,未繪設快慢車道分隔線,有,車與車,側撞,駕駛人,違反特定標誌(線)禁制,死亡1;受傷0,2,小客車,自用,男,28,戴安全帽或繫安全帶(使用幼童安全椅),未使用,車的狀態,向前直行中,汽車,右前車頭(身),,,駕駛人,未注意車前狀態,否,120.425739,23.896924
2019,9,20190906,143400,A1,鐵路警察局,花蓮縣花蓮市中華路平交道,陰,日間自然光線,其他,15,平交道,有遮斷器,其他,其他,其他鋪裝,乾燥,無缺陷,無障礙物,良好,良好,閃光號誌,正常,無,無分向設施,未繪設車道線,未繪設快慢車道分隔線,無,平交道事故,暫停位置不當,其他,違規停車或暫停不當而肇事,死亡1;受傷0,2,其他車,火車,男,41,不明,不明,車的狀態,向前直行中,汽車,左前車頭(身),汽車,前車頭,駕駛人,未靠右行駛,否,121.591928,23.974430
2019,9,20190906,143400,A1,鐵路警察局,花蓮縣花蓮市中華路平交道,陰,日間自然光線,其他,15,平交道,有遮斷器,其他,其他,其他鋪裝,乾燥,無缺陷,無障礙物,良好,良好,閃光號誌,正常,無,無分向設施,未繪設車道線,未繪設快慢車道分隔線,無,平交道事故,暫停位置不當,其他,違規停車或暫停不當而肇事,死亡1;受傷0,1,小客車,自用,男,54,不明,不明,車的狀態,靜止(引擎熄火),汽車,右前車頭(身),汽車,前車頭,其他,違規停車或暫停不當而肇事,否,121.591928,23.974430
2019,9,20190906,170040,A1,新竹縣政府警察局,新竹縣竹東鎮中興路4段650號前0.0公尺附近,晴,日間自然光線,市區道路,50,交岔路,三岔路,交叉路口,交叉路口內,柏油,乾燥,無缺陷,無障礙物,不良,其他,行車管制號誌,正常,中央分向島,窄式無柵欄,車道線(無標記),未繪設快慢車道分隔線,有,人與汽(機)車,穿越道路中,駕駛人,搶越行人穿越道,死亡1;受傷1,2,人,行人,男,47,其他(行人、慢車駕駛人),未使用,人的狀態,步行,其他,非汽(機)車,,,行人(或乘客),穿越道路未注意左右來車,否,121.037302,24.776996
2019,9,20190906,170040,A1,新竹縣政府警察局,新竹縣竹東鎮中興路4段650號前0.0公尺附近,晴,日間自然光線,市區道路,50,交岔路,三岔路,交叉路口,交叉路口內,柏油,乾燥,無缺陷,無障礙物,不良,其他,行車管制號誌,正常,中央分向島,窄式無柵欄,車道線(無標記),未繪設快慢車道分隔線,有,人與汽(機)車,穿越道路中,駕駛人,搶越行人穿越道,死亡1;受傷1,1,機車,普通重型,男,29,戴安全帽或繫安全帶(使用幼童安全椅),未使用,車的狀態,向前直行中,機車,前車頭,機車,左側車身,駕駛人,搶越行人穿越道,否,121.037302,24.776996
2019,9,20190906,172503,A1,臺南市政府警察局,臺南市仁德區上崙里崑崙街附近 / 臺南市仁德區上崙里上崙一街口,晴,日間自然光線,市區道路,50,交岔路,四岔路,交叉路口,交叉路口內,柏油,乾燥,無缺陷,無障礙物,良好,良好,閃光號誌,正常,無,無分向設施,未繪設車道線,未繪設快慢車道分隔線,無,車與車,側撞,駕駛人,左轉彎未依規定,死亡1;受傷0,1,機車,普通重型,女,74,未戴案全帽或未繫安全帶(未使用幼童安全椅),未使用,車的狀態,左轉彎,機車,左側車身,,,駕駛人,左轉彎未依規定,否,120.257779,22.938423
2019,9,20190906,172503,A1,臺南市政府警察局,臺南市仁德區上崙里崑崙街附近 / 臺南市仁德區上崙里上崙一街口,晴,日間自然光線,市區道路,50,交岔路,四岔路,交叉路口,交叉路口內,柏油,乾燥,無缺陷,無障礙物,良好,良好,閃光號誌,正常,無,無分向設施,未繪設車道線,未繪設快慢車道分隔線,無,車與車,側撞,駕駛人,左轉彎未依規定,死亡1;受傷0,2,小客車,自用,男,44,戴安全帽或繫安全帶(使用幼童安全椅),未使用,車的狀態,向前直行中,汽車,前車頭,汽車,右前車頭(身),駕駛人,未依規定減速,否,120.257779,22.938423