發生年度,發生月份,發生日期,發生時間,事故類別名稱,處理單位名稱警局層,發生地點,天候名稱,光線名稱,道路類別-第1當事者-名稱,速限-第1當事者,道路型態大類別名稱,道路型態子類別名稱,事故位置大類別名稱,事故位置子類別名稱,路面狀況-路面鋪裝名稱,路面狀況-路面狀態名稱,路面狀況-路面缺陷名稱,道路障礙-障礙物名稱,道路障礙-視距品質名稱,道路障礙-視距名稱,號誌-號誌種類名稱,號誌-號誌動作名稱,車道劃分設施-分向設施大類別名稱,車道劃分設施-分向設施子類別名稱,車道劃分設施-分道設施-快車道或一般車道間名稱,車道劃分設施-分道設施-快慢車道間名稱,車道劃分設施-分道設施-路面邊線名稱,事故類型及型態大類別名稱,事故類型及型態子類別名稱,肇因研判大類別名稱-主要,肇因研判子類別名稱-主要,死亡受傷人數,當事者順位,當事者區分-類別-大類別名稱-車種,當事者區分-類別-子類別名稱-車種,當事者屬-性-別名稱,當事者事故發生時年齡,保護裝備名稱,行動電話或電腦或其他相類功能裝置名稱,當事者行動狀態大類別名稱,當事者行動狀態子類別名稱,車輛撞擊部位大類別名稱-最初,車輛撞擊部位子類別名稱-最初,車輛撞擊部位大類別名稱-其他,車輛撞擊部位子類別名稱-其他,肇因研判大類別名稱-個別,肇因研判子類別名稱-個別,肇事逃逸類別名稱-是否肇逃,經度,緯度
2019,9,20190918,230000,A1,臺中市政府警察局,臺中市大甲區建興里臨江路156之1號前0.0公尺,晴,夜間(或隧道、地下道、涵洞)有照明,市區道路,50,單路部分,直路,路段,路肩、路緣,柏油,乾燥,無缺陷,無障礙物,良好,良好,無號誌,無號誌,行車分向線,無標記,未繪設車道線,未繪設快慢車道分隔線,有,車與車,其他,駕駛人,酒醉(後)駕駛失控,死亡1;受傷0,1,機車,普通重型,男,19,戴安全帽或繫安全帶(使用幼童安全椅),未使用,車的狀態,向前直行中,機車,前車頭,,,駕駛人,酒醉(後)駕駛失控,否,120.619043,24.408440
2019,9,20190918,230000,A1,臺中市政府警察局,臺中市大甲區建興里臨江路156之1號前0.0公尺,晴,夜間(或隧道、地下道、涵洞)有照明,市區道路,50,單路部分,直路,路段,路肩、路緣,柏油,乾燥,無缺陷,無障礙物,良好,良好,無號誌,無號誌,行車分向線,無標記,未繪設車道線,未繪設快慢車道分隔線,有,車與車,其他,駕駛人,酒醉(後)駕駛失控,死亡1;受傷0,2,小客車,自用,男,52,未戴案全帽或未繫安全帶(未使用幼童安全椅),未使用,車的狀態,靜止(引擎熄火),汽車,左後車尾(身),,,無(車輛駕駛人因素),尚未發現肇事因素,否,120.619043,24.408440
2019,9,20190918,234723,A1,花蓮縣警察局,花蓮縣花蓮市德安一街南側 / 花蓮縣花蓮市中原路東側,晴,日間自然光線,市區道路,50,交岔路,四岔路,交叉路口,交叉路口內,柏油,乾燥,無缺陷,無障礙物,良好,良好,行車管制號誌,正常,無,無分向設施,未繪設車道線,未繪設快慢車道分隔線,無,車與車,路口交岔撞,駕駛人,違反號誌管制或指揮,死亡1;受傷3,1,機車,普通重型,男,17,戴安全帽或繫安全帶(使用幼童安全椅),未使用,車的狀態,向前直行中,機車,前車頭,,,駕駛人,違反號誌管制或指揮,否,121.595251,23.973560
2019,9,20190918,234723,A1,花蓮縣警察局,花蓮縣花蓮市德安一街南側 / 花蓮縣花蓮市中原路東側,晴,日間自然光線,市區道路,50,交岔路,四岔路,交叉路口,交叉路口內,柏油,乾燥,無缺陷,無障礙物,良好,良好,行車管制號誌,正常,無,無分向設施,未繪設車道線,未繪設快慢車道分隔線,無,車與車,路口交岔撞,駕駛人,違反號誌管制或指揮,死亡1;受傷3,5,機車,普通重型,男,22,戴安全帽或繫安全帶(使用幼童安全椅),未使用,車的狀態,其他,其他,不明,,,無(車輛駕駛人因素),尚未發現肇事因素,否,121.595251,23.973560
2019,9,20190918,234723,A1,花蓮縣警察局,花蓮縣花蓮市德安一街南側 / 花蓮縣花蓮市中原路東側,晴,日間自然光線,市區道路,50,交岔路,四岔路,交叉路口,交叉路口內,柏油,乾燥,無缺陷,無障礙物,良好,良好,行車管制號誌,正常,無,無分向設施,未繪設車道線,未繪設快慢車道分隔線,無,車與車,路口交岔撞,駕駛人,違反號誌管制或指揮,死亡1;受傷3,2,機車,普通重型,男,24,戴安全帽或繫安全帶(使用幼童安全椅),未使用,車的狀態,向前直行中,機車,前車頭,,,無(車輛駕駛人因素),尚未發現肇事因素,否,121.595251,23.973560
2019,9,20190918,234723,A1,花蓮縣警察局,花蓮縣花蓮市德安一街南側 / 花蓮縣花蓮市中原路東側,晴,日間自然光線,市區道路,50,交岔路,四岔路,交叉路口,交叉路口內,柏油,乾燥,無缺陷,無障礙物,良好,良好,行車管制號誌,正常,無,無分向設施,未繪設車道線,未繪設快慢車道分隔線,無,車與車,路口交岔撞,駕駛人,違反號誌管制或指揮,死亡1;受傷3,3,人,乘客,男,20,戴安全帽或繫安全帶(使用幼童安全椅),非汽(機)車駕駛人,人的狀態,其他,其他,非汽(機)車,,,無(非車輛駕駛人因素),尚未發現肇事因素,否,121.595251,23.973560
2019,9,20190918,234723,A1,花蓮縣警察局,花蓮縣花蓮市德安一街南側 / 花蓮縣花蓮市中原路東側,晴,日間自然光線,市區道路,50,交岔路,四岔路,交叉路口,交叉路口內,柏油,乾燥,無缺陷,無障礙物,良好,良好,行車管制號誌,正常,無,無分向設施,未繪設車道線,未繪設快慢車道分隔線,無,車與車,路口交岔撞,駕駛人,違反號誌管制或指揮,死亡1;受傷3,4,人,乘客,女,21,戴安全帽或繫安全帶(使用幼童安全椅),非汽(機)車駕駛人,人的狀態,其他,其他,非汽(機)車,,,無(非車輛駕駛人因素),尚未發現肇事因素,否,121.595251,23.973560
2019,9,20190919,050300,A1,新北市政府警察局,新北市板橋區長江路1段 / 新北市板橋區環河西路4段,晴,晨或暮光,市區道路,50,交岔路,三岔路,交叉路口,交叉路口內,柏油,乾燥,無缺陷,無障礙物,良好,良好,行車管制號誌(附設行人專用號誌),正常,無,無分向設施,未繪設車道線,未繪設快慢車道分隔線,無,人與汽(機)車,穿越道路中,駕駛人,搶越行人穿越道,死亡1;受傷0,1,小客車,自用,男,29,戴安全帽或繫安全帶(使用幼童安全椅),未使用,車的狀態,向前直行中,汽車,左前車頭(身),汽車,左前車頭(身),駕駛人,搶越行人穿越道,否,121.459465,25.029749
2019,9,20190919,050300,A1,新北市政府警察局,新北市板橋區長江路1段 / 新北市板橋區環河西路4段,晴,晨或暮光,市區道路,50,交岔路,三岔路,交叉路口,交叉路口內,柏油,乾燥,無缺陷,無障礙物,良好,良好,行車管制號誌(附設行人專用號誌),正常,無,無分向設施,未繪設車道線,未繪設快慢車道分隔線,無,人與汽(機)車,穿越道路中,駕駛人,搶越行人穿越道,死亡1;受傷0,2,人,行人,男,74,其他(行人、慢車駕駛人),非汽(機)車駕駛人,人的狀態,奔跑,其他,非汽(機)車,其他,非汽(機)車,行人(或乘客),未依標誌、標線、號誌或手勢指揮穿越道路,否,121.459465,25.029749
2019,9,20190919,085700,A1,臺中市政府警察局,臺中市東區東南里旱溪西路一段前0.0公尺,晴,日間自然光線,市區道路,50,交岔路,三岔路,交叉路口,交叉路口內,柏油,乾燥,無缺陷,無障礙物,良好,良好,行車管制號誌,正常,無,無分向設施,未繪設車道線,未繪設快慢車道分隔線,無,車與車,側撞,駕駛人,左轉彎未依規定,死亡1;受傷1,1,機車,普通重型,男,59,戴安全帽或繫安全帶(使用幼童安全椅),未使用,車的狀態,左轉彎,機車,左側車身,,,駕駛人,左轉彎未依規定,否,121.313238,24.147081
2019,9,20190919,085700,A1,臺中市政府警察局,臺中市東區東南里旱溪西路一段前0.0公尺,晴,日間自然光線,市區道路,50,交岔路,三岔路,交叉路口,交叉路口內,柏油,乾燥,無缺陷,無障礙物,良好,良好,行車管制號誌,正常,無,無分向設施,未繪設車道線,未繪設快慢車道分隔線,無,車與車,側撞,駕駛人,左轉彎未依規定,死亡1;受傷1,2,機車,普通重型,男,34,戴安全帽或繫安全帶(使用幼童安全椅),未使用,車的狀態,向前直行中,機車,前車頭,,,駕駛人,未注意車前狀態,否,121.313238,24.147081
2019,9,20190919,170023,A1,嘉義縣警察局,嘉義縣義竹鄉埤前村172線8.45公里東向車道,晴,日間自然光線,縣道,60,單路部分,直路,路段,路肩、路緣,柏油,乾燥,無缺陷,無障礙物,良好,良好,無號誌,無號誌,行車分向線,無標記,車道線(無標記),未繪設快慢車道分隔線,有,汽(機)車本身,衝出路外,駕駛人,酒醉(後)駕駛失控,死亡1;受傷0,2,,,無或物(動物、堆置物),-1,,,,,,,,,無(非車輛駕駛人因素),尚未發現肇事因素,否,120.231666,23.351920
2019,9,20190919,170023,A1,嘉義縣警察局,嘉義縣義竹鄉埤前村172線8.45公里東向車道,晴,日間自然光線,縣道,60,單路部分,直路,路段,路肩、路緣,柏油,乾燥,無缺陷,無障礙物,良好,良好,無號誌,無號誌,行車分向線,無標記,車道線(無標記),未繪設快慢車道分隔線,有,汽(機)車本身,衝出路外,駕駛人,酒醉(後)駕駛失控,死亡1;受傷0,1,機車,普通重型,男,53,未戴案全帽或未繫安全帶(未使用幼童安全椅),未使用,車的狀態,向前直行中,機車,前車頭,,,駕駛人,酒醉(後)駕駛失控,否,120.231666,23.351920
2019,9,20190920,055000,A1,臺中市政府警察局,臺中市東區旱溪里樂業路前0.0公尺,晴,日間自然光線,市區道路,50,交岔路,四岔路,交叉路口,交叉路口內,柏油,乾燥,無缺陷,無障礙物,良好,良好,行車管制號誌(附設行人專用號誌),正常,無,無分向設施,未繪設車道線,未繪設快慢車道分隔線,無,人與汽(機)車,穿越道路中,駕駛人,未注意車前狀態,死亡1;受傷1,1,機車,普通重型,男,22,戴安全帽或繫安全帶(使用幼童安全椅),未使用,車的狀態,向前直行中,機車,前車頭,,,駕駛人,未注意車前狀態,否,120.699790,24.138896
2019,9,20190920,055000,A1,臺中市政府警察局,臺中市東區旱溪里樂業路前0.0公尺,晴,日間自然光線,市區道路,50,交岔路,四岔路,交叉路口,交叉路口內,柏油,乾燥,無缺陷,無障礙物,良好,良好,行車管制號誌(附設行人專用號誌),正常,無,無分向設施,未繪設車道線,未繪設快慢車道分隔線,無,人與汽(機)車,穿越道路中,駕駛人,未注意車前狀態,死亡1;受傷1,2,人,行人,女,68,其他(行人、慢車駕駛人),非汽(機)車駕駛人,人的狀態,步行,其他,非汽(機)車,,,行人(或乘客),未依規定行走行人穿越道、地下道、天橋而穿越道路,否,120.699790,24.138896
2019,9,20190920,232300,A1,高雄市政府警察局,高雄市左營區高鐵路前0.0公尺,晴,日間自然光線,市區道路,40,單路部分,直路,路段,慢車道,柏油,乾燥,無缺陷,無障礙物,良好,良好,無號誌,無號誌,中央分向島,窄式無柵欄,車道線(無標記),快慢車道分隔線,無,車與車,追撞,駕駛人,未注意車前狀態,死亡1;受傷0,2,大貨車,營業用,男,46,不明,不明,車的狀態,靜止(引擎熄火),汽車,後車尾,汽車,後車尾,無(車輛駕駛人因素),尚未發現肇事因素,否,120.313553,22.691738
2019,9,20190920,232300,A1,高雄市政府警察局,高雄市左營區高鐵路前0.0公尺,晴,日間自然光線,市區道路,40,單路部分,直路,路段,慢車道,柏油,乾燥,無缺陷,無障礙物,良好,良好,無號誌,無號誌,中央分向島,窄式無柵欄,車道線(無標記),快慢車道分隔線,無,車與車,追撞,駕駛人,未注意車前狀態,死亡1;受傷0,1,機車,普通重型,男,54,戴安全帽或繫安全帶(使用幼童安全椅),未使用,車的狀態,向前直行中,機車,前車頭,機車,前車頭,駕駛人,未注意車前狀態,否,120.313553,22.691738
2019,9,20190921,000300,A1,臺北市政府警察局,臺北市大安區辛亥路3段前0.0公尺,雨,夜間(或隧道、地下道、涵洞)有照明,市區道路,50,單路部分,直路,路段,一般車道(未劃分快慢車道),柏油,濕潤,無缺陷,無障礙物,良好,良好,無號誌,無號誌,中央分向島,寛式(50公分以上),車道線(無標記),未繪設快慢車道分隔線,無,車與車,其他,其他,其他引起事故之違規或不當行為,死亡1;受傷0,2,機車,普通重型,男,19,不明,不明,車的狀態,向前直行中,機車,前車頭,機車,前車頭,駕駛人,未注意車前狀態,否,121.547897,25.017908
2019,9,20190921,000300,A1,臺北市政府警察局,臺北市大安區辛亥路3段前0.0公尺,雨,夜間(或隧道、地下道、涵洞)有照明,市區道路,50,單路部分,直路,路段,一般車道(未劃分快慢車道),柏油,濕潤,無缺陷,無障礙物,良好,良好,無號誌,無號誌,中央分向島,寛式(50公分以上),車道線(無標記),未繪設快慢車道分隔線,無,車與車,其他,其他,其他引起事故之違規或不當行為,死亡1;受傷0,1,其他車,動力機械,男,22,不明,不明,車的狀態,向前直行中,汽車,後車尾,汽車,後車尾,其他,其他引起事故之違規或不當行為,否,121.547897,25.017908
2019,9,20190921,083100,A1,新竹縣政府警察局,新竹縣新埔鎮文山路黎頭山段盛都巷與文山路犁頭山段路口,陰,日間自然光線,縣道,50,交岔路,三岔路,交叉路口,交叉路口內,柏油,濕潤,無缺陷,無障礙物,良好,良好,閃光號誌,正常,中央分向島,窄式無柵欄,車道線(無標記),快慢車道分隔線,有,車與車,側撞,駕駛人,未依規定讓車,死亡1;受傷1,1,小客車,自用,男,78,戴安全帽或繫安全帶(使用幼童安全椅),未使用,車的狀態,左轉彎,汽車,左側車身,,,駕駛人,未依規定讓車,否,121.029167,24.833017
2019,9,20190921,083100,A1,新竹縣政府警察局,新竹縣新埔鎮文山路黎頭山段盛都巷與文山路犁頭山段路口,陰,日間自然光線,縣道,50,交岔路,三岔路,交叉路口,交叉路口內,柏油,濕潤,無缺陷,無障礙物,良好,良好,閃光號誌,正常,中央分向島,窄式無柵欄,車道線(無標記),快慢車道分隔線,有,車與車,側撞,駕駛人,未依規定讓車,死亡1;受傷1,2,機車,普通重型,男,17,戴安全帽或繫安全帶(使用幼童安全椅),未使用,車的狀態,向前直行中,機車,前車頭,,,駕駛人,未依規定減速,否,121.029167,24.833017
2019,9,20190921,105020,A1,花蓮縣警察局,花蓮縣秀林鄉和平村和中3之1號前,陰,日間自然光線,省道,60,單路部分,直路,路段,慢車道,柏油,乾燥,無缺陷,無障礙物,良好,良好,無號誌,無號誌,雙向禁止超車線,無標記,車道線(附標記),未繪設快慢車道分隔線,有,人與汽(機)車,在路上嬉戲,行人(或乘客),穿越道路未注意左右來車,死亡1;受傷0,1,人,行人,男,7,其他(行人、慢車駕駛人),非汽(機)車駕駛人,人的狀態,奔跑,其他,非汽(機)車,,,行人(或乘客),穿越道路未注意左右來車,否,121.741370,24.270156
2019,9,20190921,105020,A1,花蓮縣警察局,花蓮縣秀林鄉和平村和中3之1號前,陰,日間自然光線,省道,60,單路部分,直路,路段,慢車道,柏油,乾燥,無缺陷,無障礙物,良好,良好,無號誌,無號誌,雙向禁止超車線,無標記,車道線(附標記),未繪設快慢車道分隔線,有,人與汽(機)車,在路上嬉戲,行人(或乘客),穿越道路未注意左右來車,死亡1;受傷0,2,機車,大型重型1(550C.C.以上),男,36,戴安全帽或繫安全帶(使用幼童安全椅),未使用,車的狀態,向前直行中,機車,前車頭,,,駕駛人,未注意車前狀態,否,121.741370,24.270156
2019,9,20190921,125900,A1,嘉義縣警察局,嘉義縣溪口鄉游東村游厝庄產業道路與產業道路口(電桿游東4A-K2326),晴,日間自然光線,其他,40,交岔路,四岔路,交叉路口,交叉路口內,柏油,乾燥,無缺陷,其他障礙物,良好,良好,無號誌,無號誌,無,無分向設施,未繪設車道線,未繪設快慢車道分隔線,無,車與車,路口交岔撞,駕駛人,未依規定讓車,死亡1;受傷3,2,小客車,自用,男,39,戴安全帽或繫安全帶(使用幼童安全椅),未使用,車的狀態,向前直行中,汽車,左側車身,,,駕駛人,未注意車前狀態,否,120.409735,23.619326
2019,9,20190921,125900,A1,嘉義縣警察局,嘉義縣溪口鄉游東村游厝庄產業道路與產業道路口(電桿游東4A-K2326),晴,日間自然光線,其他,40,交岔路,四岔路,交叉路口,交叉路口內,柏油,乾燥,無缺陷,其他障礙物,良好,良好,無號誌,無號誌,無,無分向設施,未繪設車道線,未繪設快慢車道分隔線,無,車與車,路口交岔撞,駕駛人,未依規定讓車,死亡1;受傷3,1,機車,普通重型,女,70,未戴案全帽或未繫安全帶(未使用幼童安全椅),未使用,車的狀態,向前直行中,機車,前車頭,,,駕駛人,未依規定讓車,否,120.409735,23.619326
2019,9,20190921,125900,A1,嘉義縣警察局,嘉義縣溪口鄉游東村游厝庄產業道路與產業道路口(電桿游東4A-K2326),晴,日間自然光線,其他,40,交岔路,四岔路,交叉路口,交叉路口內,柏油,乾燥,無缺陷,其他障礙物,良好,良好,無號誌,無號誌,無,無分向設施,未繪設車道線,未繪設快慢車道分隔線,無,車與車,路口交岔撞,駕駛人,未依規定讓車,死亡1;受傷3,3,人,乘客,男,13,未戴案全帽或未繫安全帶(未使用幼童安全椅),非汽(機)車駕駛人,人的狀態,不明,其他,非汽(機)車,,,無(非車輛駕駛人因素),尚未發現肇事因素,否,120.409735,23.619326
2019,9,20190921,125900,A1,嘉義縣警察局,嘉義縣溪口鄉游東村游厝庄產業道路與產業道路口(電桿游東4A-K2326),晴,日間自然光線,其他,40,交岔路,四岔路,交叉路口,交叉路口內,柏油,乾燥,無缺陷,其他障礙物,良好,良好,無號誌,無號誌,無,無分向設施,未繪設車道線,未繪設快慢車道分隔線,無,車與車,路口交岔撞,駕駛人,未依規定讓車,死亡1;受傷3,4,人,乘客,女,4,未戴案全帽或未繫安全帶(未使用幼童安全椅),非汽(機)車駕駛人,人的狀態,不明,其他,非汽(機)車,,,無(非車輛駕駛人因素),尚未發現肇事因素,否,120.409735,23.619326
2019,9,20190921,185800,A1,雲林縣警察局,雲林縣元長鄉客厝村雲145線與雲172線路口,晴,夜間(或隧道、地下道、涵洞)有照明,村里道路,50,交岔路,多岔路,交叉路口,交叉路口內,柏油,乾燥,無缺陷,無障礙物,良好,良好,行車管制號誌,正常,雙向禁止超車線,無標記,車道線(無標記),未繪設快慢車道分隔線,有,車與車,側撞,駕駛人,未依規定讓車,死亡2;受傷1,1,小貨車(含客、貨兩用),自用,男,55,不明,不明,車的狀態,左轉彎,汽車,右側車身,,,駕駛人,未依規定讓車,否,120.335322,23.628606
2019,9,20190921,185800,A1,雲林縣警察局,雲林縣元長鄉客厝村雲145線與雲172線路口,晴,夜間(或隧道、地下道、涵洞)有照明,村里道路,50,交岔路,多岔路,交叉路口,交叉路口內,柏油,乾燥,無缺陷,無障礙物,良好,良好,行車管制號誌,正常,雙向禁止超車線,無標記,車道線(無標記),未繪設快慢車道分隔線,有,車與車,側撞,駕駛人,未依規定讓車,死亡2;受傷1,3,人,乘客,男,17,不明,非汽(機)車駕駛人,人的狀態,靜立(止),其他,非汽(機)車,,,無(非車輛駕駛人因素),尚未發現肇事因素,否,120.335322,23.628606
2019,9,20190921,185800,A1,雲林縣警察局,雲林縣元長鄉客厝村雲145線與雲172線路口,晴,夜間(或隧道、地下道、涵洞)有照明,村里道路,50,交岔路,多岔路,交叉路口,交叉路口內,柏油,乾燥,無缺陷,無障礙物,良好,良好,行車管制號誌,正常,雙向禁止超車線,無標記,車道線(無標記),未繪設快慢車道分隔線,有,車與車,側撞,駕駛人,未依規定讓車,死亡2;受傷1,2,曳引車,營業用,男,30,戴安全帽或繫安全帶(使用幼童安全椅),未使用,車的狀態,向前直行中,汽車,前車頭,,,駕駛人,未注意車前狀態,否,120.335322,23.628606
2019,9,20190922,121552,A1,花蓮縣警察局,花蓮縣瑞穗鄉瑞祥村6鄰温泉路3段123號前0.0公尺,陰,日間自然光線,村里道路,50,單路部分,直路,路段,一般車道(未劃分快慢車道),柏油,乾燥,無缺陷,無障礙物,良好,良好,無號誌,無號誌,雙向禁止超車線,無標記,未繪設車道線,未繪設快慢車道分隔線,有,汽(機)車本身,撞路樹、電桿,駕駛人,酒醉(後)駕駛失控,死亡1;受傷0,2,,,無或物(動物、堆置物),-1,,,,,,,,,無(非車輛駕駛人因素),尚未發現肇事因素,否,121.351267,23.494014
2019,9,20190922,121552,A1,花蓮縣警察局,花蓮縣瑞穗鄉瑞祥村6鄰温泉路3段123號前0.0公尺,陰,日間自然光線,村里道路,50,單路部分,直路,路段,一般車道(未劃分快慢車道),柏油,乾燥,無缺陷,無障礙物,良好,良好,無號誌,無號誌,雙向禁止超車線,無標記,未繪設車道線,未繪設快慢車道分隔線,有,汽(機)車本身,撞路樹、電桿,駕駛人,酒醉(後)駕駛失控,死亡1;受傷0,1,小客車,自用,男,27,不明,不明,車的狀態,向前直行中,汽車,前車頭,,,駕駛人,酒醉(後)駕駛失控,否,121.351267,23.494014
2019,9,20190922,122000,A1,屏東縣政府警察局,屏東縣長治鄉榮華村信義路與仁愛巷口,晴,日間自然光線,鄉道,50,交岔路,三岔路,交叉路口,交叉路口內,柏油,乾燥,無缺陷,無障礙物,良好,良好,無號誌,無號誌,行車分向線,無標記,未繪設車道線,快慢車道分隔線,有,車與車,其他,駕駛人,未注意車前狀態,死亡1;受傷1,2,機車,普通重型,男,67,戴安全帽或繫安全帶(使用幼童安全椅),不明,車的狀態,左轉彎,機車,左側車身,,,駕駛人,左轉彎未依規定,否,120.576803,22.676792
2019,9,20190922,122000,A1,屏東縣政府警察局,屏東縣長治鄉榮華村信義路與仁愛巷口,晴,日間自然光線,鄉道,50,交岔路,三岔路,交叉路口,交叉路口內,柏油,乾燥,無缺陷,無障礙物,良好,良好,無號誌,無號誌,行車分向線,無標記,未繪設車道線,快慢車道分隔線,有,車與車,其他,駕駛人,未注意車前狀態,死亡1;受傷1,1,機車,普通重型,男,18,戴安全帽或繫安全帶(使用幼童安全椅),不明,車的狀態,向前直行中,機車,前車頭,,,駕駛人,未注意車前狀態,否,120.576803,22.676792
2019,9,20190922,134300,A1,臺中市政府警察局,臺中市大里區健民里鳳凰路68號前0.0公尺,晴,日間自然光線,市區道路,50,單路部分,直路,路段,路肩、路緣,柏油,乾燥,無缺陷,無障礙物,良好,良好,閃光號誌,正常,無,無分向設施,未繪設車道線,未繪設快慢車道分隔線,無,汽(機)車本身,路上翻車、摔倒,其他,不明原因肇事,死亡1;受傷0,2,,,無或物(動物、堆置物),0,,,,,,,,,無(非車輛駕駛人因素),尚未發現肇事因素,否,120.718255,24.096494
2019,9,20190922,134300,A1,臺中市政府警察局,臺中市大里區健民里鳳凰路68號前0.0公尺,晴,日間自然光線,市區道路,50,單路部分,直路,路段,路肩、路緣,柏油,乾燥,無缺陷,無障礙物,良好,良好,閃光號誌,正常,無,無分向設施,未繪設車道線,未繪設快慢車道分隔線,無,汽(機)車本身,路上翻車、摔倒,其他,不明原因肇事,死亡1;受傷0,1,機車,普通重型,男,75,戴安全帽或繫安全帶(使用幼童安全椅),未使用,車的狀態,向前直行中,機車,右側車身,,,其他,不明原因肇事,否,120.718255,24.096494
2019,9,20190923,084800,A1,新竹縣政府警察局,新竹縣竹北市西濱路二段與鳳岡路五段路口,晴,日間自然光線,縣道,50,交岔路,多岔路,交叉路口,交叉口附近,柏油,乾燥,無缺陷,道路工事(程)中,良好,良好,行車管制號誌(附設行人專用號誌),正常,中央分向島,窄式無柵欄,禁止變換車道線(附標記),窄式快慢車道分隔島(無柵欄),有,車與車,其他,駕駛人,未保持行車安全距離,死亡1;受傷3,3,小客車,自用,男,61,不明,不明,車的狀態,向前直行中,汽車,後車尾,,,無(車輛駕駛人因素),尚未發現肇事因素,否,120.951160,24.861567
2019,9,20190923,084800,A1,新竹縣政府警察局,新竹縣竹北市西濱路二段與鳳岡路五段路口,晴,日間自然光線,縣道,50,交岔路,多岔路,交叉路口,交叉口附近,柏油,乾燥,無缺陷,道路工事(程)中,良好,良好,行車管制號誌(附設行人專用號誌),正常,中央分向島,窄式無柵欄,禁止變換車道線(附標記),窄式快慢車道分隔島(無柵欄),有,車與車,其他,駕駛人,未保持行車安全距離,死亡1;受傷3,1,曳引車,營業用,男,60,不明,不明,車的狀態,向前直行中,汽車,後車尾,汽車,前車頭,駕駛人,未保持行車安全距離,否,120.951160,24.861567
2019,9,20190923,084800,A1,新竹縣政府警察局,新竹縣竹北市西濱路二段與鳳岡路五段路口,晴,日間自然光線,縣道,50,交岔路,多岔路,交叉路口,交叉口附近,柏油,乾燥,無缺陷,道路工事(程)中,良好,良好,行車管制號誌(附設行人專用號誌),正常,中央分向島,窄式無柵欄,禁止變換車道線(附標記),窄式快慢車道分隔島(無柵欄),有,車與車,其他,駕駛人,未保持行車安全距離,死亡1;受傷3,4,大貨車,營業用,男,56,不明,不明,車的狀態,向前直行中,汽車,前車頭,,,無(車輛駕駛人因素),尚未發現肇事因素,否,120.951160,24.861567
2019,9,20190923,084800,A1,新竹縣政府警察局,新竹縣竹北市西濱路二段與鳳岡路五段路口,晴,日間自然光線,縣道,50,交岔路,多岔路,交叉路口,交叉口附近,柏油,乾燥,無缺陷,道路工事(程)中,良好,良好,行車管制號誌(附設行人專用號誌),正常,中央分向島,窄式無柵欄,禁止變換車道線(附標記),窄式快慢車道分隔島(無柵欄),有,車與車,其他,駕駛人,未保持行車安全距離,死亡1;受傷3,2,小客車,租賃車,男,63,不明,不明,車的狀態,左轉彎,汽車,右後車尾(身),,,無(車輛駕駛人因素),尚未發現肇事因素,否,120.951160,24.861567
2019,9,20190923,184800,A1,嘉義縣警察局,嘉義縣番路鄉民和村沈厝仔2-1號前,晴,夜間(或隧道、地下道、涵洞)有照明,縣道,30,單路部分,直路,路段,路肩、路緣,柏油,乾燥,無缺陷,無障礙物,良好,良好,無號誌,無號誌,行車分向線,無標記,未繪設車道線,未繪設快慢車道分隔線,有,汽(機)車本身,撞動物,無(非車輛駕駛人因素),動物竄出,死亡1;受傷0,1,,,無或物(動物、堆置物),-1,,,,,,,,,無(非車輛駕駛人因素),動物竄出,否,120.574790,23.461588
2019,9,20190923,184800,A1,嘉義縣警察局,嘉義縣番路鄉民和村沈厝仔2-1號前,晴,夜間(或隧道、地下道、涵洞)有照明,縣道,30,單路部分,直路,路段,路肩、路緣,柏油,乾燥,無缺陷,無障礙物,良好,良好,無號誌,無號誌,行車分向線,無標記,未繪設車道線,未繪設快慢車道分隔線,有,汽(機)車本身,撞動物,無(非車輛駕駛人因素),動物竄出,死亡1;受傷0,2,機車,大型重型2(250-550C.C.),男,20,戴安全帽或繫安全帶(使用幼童安全椅),未使用,車的狀態,向前直行中,機車,前車頭,,,駕駛人,未注意車前狀態,否,120.574790,23.461588
2019,9,20190923,194500,A1,新北市政府警察局,新北市板橋區民生路3段126號前0.0公尺,晴,夜間(或隧道、地下道、涵洞)有照明,市區道路,50,單路部分,直路,路段,一般車道(未劃分快慢車道),柏油,乾燥,無缺陷,其他障礙物,良好,良好,無號誌,無號誌,中央分向島,寛式(50公分以上),未繪設車道線,未繪設快慢車道分隔線,無,車與車,其他,駕駛人,未注意車前狀態,死亡1;受傷0,1,機車,普通重型,女,23,戴安全帽或繫安全帶(使用幼童安全椅),未使用,車的狀態,向前直行中,機車,前車頭,機車,前車頭,駕駛人,未注意車前狀態,否,121.466560,25.026838
2019,9,20190923,194500,A1,新北市政府警察局,新北市板橋區民生路3段126號前0.0公尺,晴,夜間(或隧道、地下道、涵洞)有照明,市區道路,50,單路部分,直路,路段,一般車道(未劃分快慢車道),柏油,乾燥,無缺陷,其他障礙物,良好,良好,無號誌,無號誌,中央分向島,寛式(50公分以上),未繪設車道線,未繪設快慢車道分隔線,無,車與車,其他,駕駛人,未注意車前狀態,死亡1;受傷0,3,人,其他人,男,40,其他(行人、慢車駕駛人),非汽(機)車駕駛人,人的狀態,其他,其他,非汽(機)車,其他,非汽(機)車,無(非車輛駕駛人因素),尚未發現肇事因素,否,121.466560,25.026838