發生年度,發生月份,發生日期,發生時間,事故類別名稱,處理單位名稱警局層,發生地點,天候名稱,光線名稱,道路類別-第1當事者-名稱,速限-第1當事者,道路型態大類別名稱,道路型態子類別名稱,事故位置大類別名稱,事故位置子類別名稱,路面狀況-路面鋪裝名稱,路面狀況-路面狀態名稱,路面狀況-路面缺陷名稱,道路障礙-障礙物名稱,道路障礙-視距品質名稱,道路障礙-視距名稱,號誌-號誌種類名稱,號誌-號誌動作名稱,車道劃分設施-分向設施大類別名稱,車道劃分設施-分向設施子類別名稱,車道劃分設施-分道設施-快車道或一般車道間名稱,車道劃分設施-分道設施-快慢車道間名稱,車道劃分設施-分道設施-路面邊線名稱,事故類型及型態大類別名稱,事故類型及型態子類別名稱,肇因研判大類別名稱-主要,肇因研判子類別名稱-主要,死亡受傷人數,當事者順位,當事者區分-類別-大類別名稱-車種,當事者區分-類別-子類別名稱-車種,當事者屬-性-別名稱,當事者事故發生時年齡,保護裝備名稱,行動電話或電腦或其他相類功能裝置名稱,當事者行動狀態大類別名稱,當事者行動狀態子類別名稱,車輛撞擊部位大類別名稱-最初,車輛撞擊部位子類別名稱-最初,車輛撞擊部位大類別名稱-其他,車輛撞擊部位子類別名稱-其他,肇因研判大類別名稱-個別,肇因研判子類別名稱-個別,肇事逃逸類別名稱-是否肇逃,經度,緯度
2019,11,20191110,071200,A1,臺南市政府警察局,臺南市佳里區縣176線 13公里200.0公尺處東側向內側,晴,日間自然光線,縣道,50,單路部分,直路,路段,快車道,柏油,乾燥,無缺陷,無障礙物,良好,良好,無號誌,無號誌,雙向禁止超車線,附標記,車道線(無標記),快慢車道分隔線,有,車與車,側撞,駕駛人,左轉彎未依規定,死亡1;受傷0,2,小客車,自用,男,34,不明,不明,車的狀態,向前直行中,汽車,右前車頭(身),,,駕駛人,未注意車前狀態,是,120.184781,23.164326
2019,11,20191110,071200,A1,臺南市政府警察局,臺南市佳里區縣176線 13公里200.0公尺處東側向內側,晴,日間自然光線,縣道,50,單路部分,直路,路段,快車道,柏油,乾燥,無缺陷,無障礙物,良好,良好,無號誌,無號誌,雙向禁止超車線,附標記,車道線(無標記),快慢車道分隔線,有,車與車,側撞,駕駛人,左轉彎未依規定,死亡1;受傷0,1,慢車,腳踏自行車,男,59,其他(行人、慢車駕駛人),非汽(機)車駕駛人,車的狀態,左轉彎,其他,非汽(機)車,,,駕駛人,左轉彎未依規定,否,120.184781,23.164326
2019,11,20191110,223300,A1,臺中市政府警察局,臺中市東勢區南平里東關路七段410號前0.0公尺,晴,夜間(或隧道、地下道、涵洞)有照明,市區道路,40,單路部分,直路,路段,機車優先道,柏油,乾燥,無缺陷,無障礙物,良好,良好,無號誌,無號誌,中央分向島,寛式(50公分以上),車道線(附標記),快慢車道分隔線,有,車與車,追撞,駕駛人,酒醉(後)駕駛失控,死亡1;受傷1,2,大貨車,營業用,男,42,不明,不明,車的狀態,靜止(引擎熄火),汽車,左後車尾(身),,,駕駛人,違反特定標誌(線)禁制,否,120.825653,24.254496
2019,11,20191110,223300,A1,臺中市政府警察局,臺中市東勢區南平里東關路七段410號前0.0公尺,晴,夜間(或隧道、地下道、涵洞)有照明,市區道路,40,單路部分,直路,路段,機車優先道,柏油,乾燥,無缺陷,無障礙物,良好,良好,無號誌,無號誌,中央分向島,寛式(50公分以上),車道線(附標記),快慢車道分隔線,有,車與車,追撞,駕駛人,酒醉(後)駕駛失控,死亡1;受傷1,3,人,乘客,男,20,不明,非汽(機)車駕駛人,人的狀態,不明,其他,非汽(機)車,,,無(非車輛駕駛人因素),尚未發現肇事因素,否,120.825653,24.254496
2019,11,20191110,223300,A1,臺中市政府警察局,臺中市東勢區南平里東關路七段410號前0.0公尺,晴,夜間(或隧道、地下道、涵洞)有照明,市區道路,40,單路部分,直路,路段,機車優先道,柏油,乾燥,無缺陷,無障礙物,良好,良好,無號誌,無號誌,中央分向島,寛式(50公分以上),車道線(附標記),快慢車道分隔線,有,車與車,追撞,駕駛人,酒醉(後)駕駛失控,死亡1;受傷1,1,機車,普通重型,男,18,戴安全帽或繫安全帶(使用幼童安全椅),未使用,車的狀態,向前直行中,機車,前車頭,,,駕駛人,酒醉(後)駕駛失控,否,120.825653,24.254496
2019,11,20191111,005600,A1,桃園市政府警察局,桃園市中壢區中園路2段口 / 桃園市中壢區中園路2段口,晴,夜間(或隧道、地下道、涵洞)有照明,市區道路,50,交岔路,三岔路,交叉路口,交叉路口內,柏油,乾燥,無缺陷,無障礙物,良好,良好,閃光號誌,正常,無,無分向設施,未繪設車道線,未繪設快慢車道分隔線,無,車與車,側撞,駕駛人,迴轉未依規定,死亡1;受傷0,2,機車,普通重型,女,19,戴安全帽或繫安全帶(使用幼童安全椅),未使用,車的狀態,向前直行中,機車,前車頭,,,駕駛人,未注意車前狀態,否,121.234163,24.992280
2019,11,20191111,005600,A1,桃園市政府警察局,桃園市中壢區中園路2段口 / 桃園市中壢區中園路2段口,晴,夜間(或隧道、地下道、涵洞)有照明,市區道路,50,交岔路,三岔路,交叉路口,交叉路口內,柏油,乾燥,無缺陷,無障礙物,良好,良好,閃光號誌,正常,無,無分向設施,未繪設車道線,未繪設快慢車道分隔線,無,車與車,側撞,駕駛人,迴轉未依規定,死亡1;受傷0,1,小客車,自用,男,25,戴安全帽或繫安全帶(使用幼童安全椅),未使用,車的狀態,迴轉或橫越道路中,汽車,左後車尾(身),,,駕駛人,迴轉未依規定,否,121.234163,24.992280
2019,11,20191111,054500,A1,臺北市政府警察局,臺北市文山區羅斯福路6段 / 臺北市文山區景隆街,晴,日間自然光線,市區道路,50,交岔路,四岔路,交叉路口,交叉口附近,柏油,乾燥,無缺陷,無障礙物,良好,良好,行車管制號誌(附設行人專用號誌),正常,中央分向島,寛式(50公分以上),車道線(無標記),未繪設快慢車道分隔線,無,車與車,側撞,駕駛人,右轉彎未依規定,死亡1;受傷0,1,大客車,遊覽車,男,61,不明,不明,車的狀態,右轉彎,汽車,右前車頭(身),汽車,右前車頭(身),駕駛人,右轉彎未依規定,否,121.539674,25.000417
2019,11,20191111,054500,A1,臺北市政府警察局,臺北市文山區羅斯福路6段 / 臺北市文山區景隆街,晴,日間自然光線,市區道路,50,交岔路,四岔路,交叉路口,交叉口附近,柏油,乾燥,無缺陷,無障礙物,良好,良好,行車管制號誌(附設行人專用號誌),正常,中央分向島,寛式(50公分以上),車道線(無標記),未繪設快慢車道分隔線,無,車與車,側撞,駕駛人,右轉彎未依規定,死亡1;受傷0,2,慢車,腳踏自行車,男,61,其他(行人、慢車駕駛人),非汽(機)車駕駛人,車的狀態,向前直行中,其他,非汽(機)車,其他,非汽(機)車,無(車輛駕駛人因素),尚未發現肇事因素,否,121.539674,25.000417
2019,11,20191111,055600,A1,屏東縣政府警察局,屏東縣屏東市忠孝路699號前0.0公尺,晴,日間自然光線,市區道路,50,交岔路,三岔路,交叉路口,交叉路口內,柏油,乾燥,無缺陷,無障礙物,良好,良好,行車管制號誌,正常,中央分向島,寛式(50公分以上),禁止變換車道線(無標記),快慢車道分隔線,有,汽(機)車本身,撞交通島,其他,不明原因肇事,死亡1;受傷0,2,,,無或物(動物、堆置物),-1,,,,,,,,,無(非車輛駕駛人因素),尚未發現肇事因素,否,120.489473,22.706039
2019,11,20191111,055600,A1,屏東縣政府警察局,屏東縣屏東市忠孝路699號前0.0公尺,晴,日間自然光線,市區道路,50,交岔路,三岔路,交叉路口,交叉路口內,柏油,乾燥,無缺陷,無障礙物,良好,良好,行車管制號誌,正常,中央分向島,寛式(50公分以上),禁止變換車道線(無標記),快慢車道分隔線,有,汽(機)車本身,撞交通島,其他,不明原因肇事,死亡1;受傷0,1,機車,普通重型,男,81,戴安全帽或繫安全帶(使用幼童安全椅),不明,人的狀態,不明,機車,左側車身,,,其他,不明原因肇事,否,120.489473,22.706039
2019,11,20191111,113000,A1,新北市政府警察局,新北市深坑區北深路3段234號前0.0公尺,晴,日間自然光線,縣道,40,單路部分,直路,路段,一般車道(未劃分快慢車道),柏油,乾燥,無缺陷,無障礙物,良好,良好,無號誌,無號誌,雙向禁止超車線,無標記,未繪設車道線,未繪設快慢車道分隔線,有,人與汽(機)車,同向通行中,駕駛人,未注意車前狀態,死亡1;受傷0,3,機車,普通重型,男,55,戴安全帽或繫安全帶(使用幼童安全椅),未使用,人的狀態,不明,其他,不明,其他,不明,無(車輛駕駛人因素),尚未發現肇事因素,否,121.600598,25.004073
2019,11,20191111,113000,A1,新北市政府警察局,新北市深坑區北深路3段234號前0.0公尺,晴,日間自然光線,縣道,40,單路部分,直路,路段,一般車道(未劃分快慢車道),柏油,乾燥,無缺陷,無障礙物,良好,良好,無號誌,無號誌,雙向禁止超車線,無標記,未繪設車道線,未繪設快慢車道分隔線,有,人與汽(機)車,同向通行中,駕駛人,未注意車前狀態,死亡1;受傷0,4,機車,普通重型,女,55,戴安全帽或繫安全帶(使用幼童安全椅),未使用,人的狀態,不明,其他,不明,其他,不明,無(車輛駕駛人因素),尚未發現肇事因素,否,121.600598,25.004073
2019,11,20191111,113000,A1,新北市政府警察局,新北市深坑區北深路3段234號前0.0公尺,晴,日間自然光線,縣道,40,單路部分,直路,路段,一般車道(未劃分快慢車道),柏油,乾燥,無缺陷,無障礙物,良好,良好,無號誌,無號誌,雙向禁止超車線,無標記,未繪設車道線,未繪設快慢車道分隔線,有,人與汽(機)車,同向通行中,駕駛人,未注意車前狀態,死亡1;受傷0,5,機車,普通重型,男,53,戴安全帽或繫安全帶(使用幼童安全椅),未使用,人的狀態,不明,其他,不明,其他,不明,無(車輛駕駛人因素),尚未發現肇事因素,否,121.600598,25.004073
2019,11,20191111,113000,A1,新北市政府警察局,新北市深坑區北深路3段234號前0.0公尺,晴,日間自然光線,縣道,40,單路部分,直路,路段,一般車道(未劃分快慢車道),柏油,乾燥,無缺陷,無障礙物,良好,良好,無號誌,無號誌,雙向禁止超車線,無標記,未繪設車道線,未繪設快慢車道分隔線,有,人與汽(機)車,同向通行中,駕駛人,未注意車前狀態,死亡1;受傷0,6,機車,普通重型,女,33,戴安全帽或繫安全帶(使用幼童安全椅),未使用,人的狀態,不明,其他,不明,其他,不明,無(車輛駕駛人因素),尚未發現肇事因素,否,121.600598,25.004073
2019,11,20191111,113000,A1,新北市政府警察局,新北市深坑區北深路3段234號前0.0公尺,晴,日間自然光線,縣道,40,單路部分,直路,路段,一般車道(未劃分快慢車道),柏油,乾燥,無缺陷,無障礙物,良好,良好,無號誌,無號誌,雙向禁止超車線,無標記,未繪設車道線,未繪設快慢車道分隔線,有,人與汽(機)車,同向通行中,駕駛人,未注意車前狀態,死亡1;受傷0,2,人,行人,男,82,其他(行人、慢車駕駛人),非汽(機)車駕駛人,人的狀態,靜立(止),其他,非汽(機)車,其他,非汽(機)車,無(非車輛駕駛人因素),尚未發現肇事因素,否,121.600598,25.004073
2019,11,20191111,113000,A1,新北市政府警察局,新北市深坑區北深路3段234號前0.0公尺,晴,日間自然光線,縣道,40,單路部分,直路,路段,一般車道(未劃分快慢車道),柏油,乾燥,無缺陷,無障礙物,良好,良好,無號誌,無號誌,雙向禁止超車線,無標記,未繪設車道線,未繪設快慢車道分隔線,有,人與汽(機)車,同向通行中,駕駛人,未注意車前狀態,死亡1;受傷0,1,小貨車(含客、貨兩用),自用,男,21,戴安全帽或繫安全帶(使用幼童安全椅),未使用,車的狀態,向前直行中,汽車,右前車頭(身),汽車,右前車頭(身),駕駛人,未注意車前狀態,否,121.600598,25.004073
2019,11,20191111,172700,A1,國道公路警察局,基隆市中山區台2己線 北側向交流道,晴,日間自然光線,省道,50,單路部分,直路,交流道,直線匝道,柏油,乾燥,無缺陷,無障礙物,良好,良好,無號誌,無號誌,無,無分向設施,未繪設車道線,未繪設快慢車道分隔線,有,車與車,對撞,駕駛人,逆向行駛,死亡1;受傷1,1,小客車,自用,男,55,未戴案全帽或未繫安全帶(未使用幼童安全椅),未使用,車的狀態,向前直行中,汽車,左前車頭(身),,,駕駛人,逆向行駛,否,121.743089,25.150867
2019,11,20191111,172700,A1,國道公路警察局,基隆市中山區台2己線 北側向交流道,晴,日間自然光線,省道,50,單路部分,直路,交流道,直線匝道,柏油,乾燥,無缺陷,無障礙物,良好,良好,無號誌,無號誌,無,無分向設施,未繪設車道線,未繪設快慢車道分隔線,有,車與車,對撞,駕駛人,逆向行駛,死亡1;受傷1,3,人,乘客,男,83,未戴案全帽或未繫安全帶(未使用幼童安全椅),未使用,人的狀態,其他,其他,非汽(機)車,,,無(非車輛駕駛人因素),尚未發現肇事因素,否,121.743089,25.150867
2019,11,20191111,172700,A1,國道公路警察局,基隆市中山區台2己線 北側向交流道,晴,日間自然光線,省道,50,單路部分,直路,交流道,直線匝道,柏油,乾燥,無缺陷,無障礙物,良好,良好,無號誌,無號誌,無,無分向設施,未繪設車道線,未繪設快慢車道分隔線,有,車與車,對撞,駕駛人,逆向行駛,死亡1;受傷1,2,半聯結車,營業用,男,58,戴安全帽或繫安全帶(使用幼童安全椅),未使用,車的狀態,向前直行中,汽車,左前車頭(身),,,無(車輛駕駛人因素),尚未發現肇事因素,否,121.743089,25.150867
2019,11,20191112,040500,A1,臺北市政府警察局,臺北市北投區洲美快速道路前0.0公尺,晴,夜間(或隧道、地下道、涵洞)有照明,市區道路,60,單路部分,直路,路段,一般車道(未劃分快慢車道),柏油,乾燥,無缺陷,無障礙物,良好,良好,無號誌,無號誌,中央分向島,寛式(50公分以上),車道線(附標記),未繪設快慢車道分隔線,有,人與汽(機)車,在路上作業中,駕駛人,未注意車前狀態,死亡1;受傷1,1,小貨車(含客、貨兩用),自用,男,24,不明,不明,車的狀態,向前直行中,汽車,前車頭,汽車,前車頭,駕駛人,未注意車前狀態,否,121.496928,25.121229
2019,11,20191112,040500,A1,臺北市政府警察局,臺北市北投區洲美快速道路前0.0公尺,晴,夜間(或隧道、地下道、涵洞)有照明,市區道路,60,單路部分,直路,路段,一般車道(未劃分快慢車道),柏油,乾燥,無缺陷,無障礙物,良好,良好,無號誌,無號誌,中央分向島,寛式(50公分以上),車道線(附標記),未繪設快慢車道分隔線,有,人與汽(機)車,在路上作業中,駕駛人,未注意車前狀態,死亡1;受傷1,3,小貨車(含客、貨兩用),自用,男,53,不明,不明,車的狀態,其他,汽車,後車尾,汽車,後車尾,無(車輛駕駛人因素),尚未發現肇事因素,否,121.496928,25.121229
2019,11,20191112,040500,A1,臺北市政府警察局,臺北市北投區洲美快速道路前0.0公尺,晴,夜間(或隧道、地下道、涵洞)有照明,市區道路,60,單路部分,直路,路段,一般車道(未劃分快慢車道),柏油,乾燥,無缺陷,無障礙物,良好,良好,無號誌,無號誌,中央分向島,寛式(50公分以上),車道線(附標記),未繪設快慢車道分隔線,有,人與汽(機)車,在路上作業中,駕駛人,未注意車前狀態,死亡1;受傷1,2,人,其他人,男,53,其他(行人、慢車駕駛人),非汽(機)車駕駛人,人的狀態,靜立(止),其他,非汽(機)車,其他,非汽(機)車,無(非車輛駕駛人因素),尚未發現肇事因素,否,121.496928,25.121229
2019,11,20191113,003700,A1,臺中市政府警察局,臺中市西屯區何德里西屯路前0.0公尺,晴,夜間(或隧道、地下道、涵洞)有照明,市區道路,50,交岔路,四岔路,交叉路口,交叉路口內,柏油,乾燥,無缺陷,無障礙物,良好,良好,無號誌,無號誌,無,無分向設施,未繪設車道線,未繪設快慢車道分隔線,無,車與車,其他,駕駛人,酒醉(後)駕駛失控,死亡1;受傷0,1,機車,普通輕型,男,48,不明,不明,車的狀態,向前直行中,其他,不明,,,駕駛人,酒醉(後)駕駛失控,否,120.657079,24.165184
2019,11,20191113,003700,A1,臺中市政府警察局,臺中市西屯區何德里西屯路前0.0公尺,晴,夜間(或隧道、地下道、涵洞)有照明,市區道路,50,交岔路,四岔路,交叉路口,交叉路口內,柏油,乾燥,無缺陷,無障礙物,良好,良好,無號誌,無號誌,無,無分向設施,未繪設車道線,未繪設快慢車道分隔線,無,車與車,其他,駕駛人,酒醉(後)駕駛失控,死亡1;受傷0,3,機車,普通重型,男,54,不明,不明,車的狀態,向前直行中,其他,不明,,,無(車輛駕駛人因素),尚未發現肇事因素,否,120.657079,24.165184
2019,11,20191113,003700,A1,臺中市政府警察局,臺中市西屯區何德里西屯路前0.0公尺,晴,夜間(或隧道、地下道、涵洞)有照明,市區道路,50,交岔路,四岔路,交叉路口,交叉路口內,柏油,乾燥,無缺陷,無障礙物,良好,良好,無號誌,無號誌,無,無分向設施,未繪設車道線,未繪設快慢車道分隔線,無,車與車,其他,駕駛人,酒醉(後)駕駛失控,死亡1;受傷0,2,小客車,自用,男,34,不明,不明,車的狀態,向前直行中,汽車,左前車頭(身),,,無(車輛駕駛人因素),尚未發現肇事因素,否,120.657079,24.165184
2019,11,20191113,083100,A1,保安警察第二總隊,臺中市大雅區科雅路與科雅五路口,晴,日間自然光線,市區道路,50,交岔路,四岔路,交叉路口,交叉路口內,柏油,乾燥,無缺陷,無障礙物,良好,良好,行車管制號誌(附設行人專用號誌),正常,中央分向島,寛式(50公分以上),禁止變換車道線(無標記),未繪設快慢車道分隔線,有,車與車,路口交岔撞,駕駛人,違反號誌管制或指揮,死亡1;受傷0,1,機車,普通重型,男,59,戴安全帽或繫安全帶(使用幼童安全椅),未使用,車的狀態,向前直行中,機車,右側車身,,,駕駛人,違反號誌管制或指揮,否,120.628101,24.224381
2019,11,20191113,083100,A1,保安警察第二總隊,臺中市大雅區科雅路與科雅五路口,晴,日間自然光線,市區道路,50,交岔路,四岔路,交叉路口,交叉路口內,柏油,乾燥,無缺陷,無障礙物,良好,良好,行車管制號誌(附設行人專用號誌),正常,中央分向島,寛式(50公分以上),禁止變換車道線(無標記),未繪設快慢車道分隔線,有,車與車,路口交岔撞,駕駛人,違反號誌管制或指揮,死亡1;受傷0,2,小客車,自用,男,32,戴安全帽或繫安全帶(使用幼童安全椅),未使用,車的狀態,向前直行中,汽車,左前車頭(身),汽車,左前車頭(身),其他,其他引起事故之違規或不當行為,否,120.628101,24.224381
2019,11,20191113,110053,A1,花蓮縣警察局,花蓮縣萬榮鄉瑞穗林道聯絡道,晴,日間自然光線,其他,50,單路部分,彎曲路及附近,路段,一般車道(未劃分快慢車道),柏油,乾燥,無缺陷,無障礙物,良好,良好,無號誌,無號誌,雙向禁止超車線,無標記,未繪設車道線,未繪設快慢車道分隔線,有,汽(機)車本身,撞護欄(樁),駕駛人,未注意車前狀態,死亡1;受傷1,2,,,無或物(動物、堆置物),-1,,,,,,,,,無(非車輛駕駛人因素),尚未發現肇事因素,否,121.329700,23.502537
2019,11,20191113,110053,A1,花蓮縣警察局,花蓮縣萬榮鄉瑞穗林道聯絡道,晴,日間自然光線,其他,50,單路部分,彎曲路及附近,路段,一般車道(未劃分快慢車道),柏油,乾燥,無缺陷,無障礙物,良好,良好,無號誌,無號誌,雙向禁止超車線,無標記,未繪設車道線,未繪設快慢車道分隔線,有,汽(機)車本身,撞護欄(樁),駕駛人,未注意車前狀態,死亡1;受傷1,1,機車,普通重型,女,51,未戴案全帽或未繫安全帶(未使用幼童安全椅),未使用,人的狀態,不明,機車,前車頭,,,駕駛人,未注意車前狀態,否,121.329700,23.502537
2019,11,20191113,110053,A1,花蓮縣警察局,花蓮縣萬榮鄉瑞穗林道聯絡道,晴,日間自然光線,其他,50,單路部分,彎曲路及附近,路段,一般車道(未劃分快慢車道),柏油,乾燥,無缺陷,無障礙物,良好,良好,無號誌,無號誌,雙向禁止超車線,無標記,未繪設車道線,未繪設快慢車道分隔線,有,汽(機)車本身,撞護欄(樁),駕駛人,未注意車前狀態,死亡1;受傷1,3,人,乘客,男,51,未戴案全帽或未繫安全帶(未使用幼童安全椅),未使用,人的狀態,其他,其他,非汽(機)車,,,無(非車輛駕駛人因素),尚未發現肇事因素,否,121.329700,23.502537
2019,11,20191114,080900,A1,臺南市政府警察局,臺南市西港區西港里市道173線前0.0公尺,晴,日間自然光線,市區道路,30,單路部分,直路,路段,快車道,柏油,乾燥,無缺陷,無障礙物,良好,良好,無號誌,無號誌,行車分向線,無標記,車道線(無標記),快慢車道分隔線,有,車與車,側撞,駕駛人,未依規定讓車,死亡1;受傷1,2,機車,普通重型,男,20,戴安全帽或繫安全帶(使用幼童安全椅),未使用,車的狀態,向前直行中,機車,前車頭,,,駕駛人,超速失控,否,120.209149,23.126470
2019,11,20191114,080900,A1,臺南市政府警察局,臺南市西港區西港里市道173線前0.0公尺,晴,日間自然光線,市區道路,30,單路部分,直路,路段,快車道,柏油,乾燥,無缺陷,無障礙物,良好,良好,無號誌,無號誌,行車分向線,無標記,車道線(無標記),快慢車道分隔線,有,車與車,側撞,駕駛人,未依規定讓車,死亡1;受傷1,1,機車,普通重型,女,83,未戴案全帽或未繫安全帶(未使用幼童安全椅),未使用,車的狀態,左轉彎,機車,左側車身,,,駕駛人,未依規定讓車,否,120.209149,23.126470
2019,11,20191114,092110,A1,雲林縣警察局,雲林縣元長鄉縣道145線客厝路口,晴,日間自然光線,縣道,50,交岔路,多岔路,交叉路口,交叉路口內,柏油,乾燥,無缺陷,無障礙物,良好,良好,行車管制號誌,正常,中央分向島,寛式(50公分以上),車道線(附標記),快慢車道分隔線,有,車與車,路口交岔撞,駕駛人,未注意車前狀態,死亡1;受傷0,1,小貨車(含客、貨兩用),自用,女,47,不明,不明,車的狀態,向前直行中,汽車,右前車頭(身),,,駕駛人,未注意車前狀態,否,120.335363,23.628533
2019,11,20191114,092110,A1,雲林縣警察局,雲林縣元長鄉縣道145線客厝路口,晴,日間自然光線,縣道,50,交岔路,多岔路,交叉路口,交叉路口內,柏油,乾燥,無缺陷,無障礙物,良好,良好,行車管制號誌,正常,中央分向島,寛式(50公分以上),車道線(附標記),快慢車道分隔線,有,車與車,路口交岔撞,駕駛人,未注意車前狀態,死亡1;受傷0,2,機車,普通重型,女,59,不明,未使用,車的狀態,迴轉或橫越道路中,機車,左側車身,機車,前車頭,駕駛人,違反號誌管制或指揮,否,120.335363,23.628533
2019,11,20191114,141500,A1,雲林縣警察局,雲林縣麥寮鄉台17線 75公里北側向內側,晴,日間自然光線,省道,70,交岔路,四岔路,交叉路口,交叉路口內,柏油,乾燥,無缺陷,無障礙物,良好,良好,無號誌,無號誌,中央分向島,寛式(50公分以上),車道線(無標記),快慢車道分隔線,有,汽(機)車本身,撞交通島,其他,不明原因肇事,死亡1;受傷0,2,,,無或物(動物、堆置物),-1,,,,,,,,,無(非車輛駕駛人因素),尚未發現肇事因素,否,120.269139,23.784194
2019,11,20191114,141500,A1,雲林縣警察局,雲林縣麥寮鄉台17線 75公里北側向內側,晴,日間自然光線,省道,70,交岔路,四岔路,交叉路口,交叉路口內,柏油,乾燥,無缺陷,無障礙物,良好,良好,無號誌,無號誌,中央分向島,寛式(50公分以上),車道線(無標記),快慢車道分隔線,有,汽(機)車本身,撞交通島,其他,不明原因肇事,死亡1;受傷0,1,機車,普通重型,女,43,戴安全帽或繫安全帶(使用幼童安全椅),未使用,車的狀態,向前直行中,機車,左側車身,,,其他,不明原因肇事,否,120.269139,23.784194
2019,11,20191114,185000,A1,臺南市政府警察局,臺南市將軍區南21 2公里900.0公尺處口,晴,夜間(或隧道、地下道、涵洞)無照明,市區道路,50,交岔路,三岔路,交叉路口,交叉路口內,柏油,乾燥,無缺陷,無障礙物,良好,良好,無號誌,無號誌,無,無分向設施,未繪設車道線,未繪設快慢車道分隔線,無,人與汽(機)車,穿越道路中,駕駛人,超速失控,死亡1;受傷0,1,小客車,自用,男,53,戴安全帽或繫安全帶(使用幼童安全椅),未使用,車的狀態,向前直行中,汽車,右前車頭(身),,,駕駛人,超速失控,否,120.152015,23.205573
2019,11,20191114,185000,A1,臺南市政府警察局,臺南市將軍區南21 2公里900.0公尺處口,晴,夜間(或隧道、地下道、涵洞)無照明,市區道路,50,交岔路,三岔路,交叉路口,交叉路口內,柏油,乾燥,無缺陷,無障礙物,良好,良好,無號誌,無號誌,無,無分向設施,未繪設車道線,未繪設快慢車道分隔線,無,人與汽(機)車,穿越道路中,駕駛人,超速失控,死亡1;受傷0,2,人,行人,男,79,其他(行人、慢車駕駛人),非汽(機)車駕駛人,人的狀態,其他,其他,非汽(機)車,,,行人(或乘客),穿越道路未注意左右來車,否,120.152015,23.205573
2019,11,20191115,080600,A1,高雄市政府警察局,高雄市左營區博愛三路 / 高雄市左營區曾子路,晴,日間自然光線,市區道路,50,交岔路,四岔路,交叉路口,交叉路口內,柏油,乾燥,無缺陷,無障礙物,良好,良好,行車管制號誌,正常,無,無分向設施,未繪設車道線,未繪設快慢車道分隔線,無,車與車,側撞,駕駛人,未依規定讓車,死亡1;受傷0,1,小客車,自用,男,40,戴安全帽或繫安全帶(使用幼童安全椅),未使用,車的狀態,左轉彎,汽車,右側車身,汽車,右側車身,駕駛人,未依規定讓車,否,120.307947,22.678856
2019,11,20191115,080600,A1,高雄市政府警察局,高雄市左營區博愛三路 / 高雄市左營區曾子路,晴,日間自然光線,市區道路,50,交岔路,四岔路,交叉路口,交叉路口內,柏油,乾燥,無缺陷,無障礙物,良好,良好,行車管制號誌,正常,無,無分向設施,未繪設車道線,未繪設快慢車道分隔線,無,車與車,側撞,駕駛人,未依規定讓車,死亡1;受傷0,2,機車,普通重型,男,21,戴安全帽或繫安全帶(使用幼童安全椅),未使用,車的狀態,向前直行中,機車,前車頭,機車,前車頭,無(車輛駕駛人因素),尚未發現肇事因素,否,120.307947,22.678856
2019,11,20191115,191300,A1,臺南市政府警察局,臺南市安定區蘇厝里直加弄大道口 / 臺南市安定區蘇厝里安定東路口,晴,夜間(或隧道、地下道、涵洞)有照明,市區道路,40,交岔路,三岔路,其他,人行道,柏油,乾燥,無缺陷,無障礙物,良好,良好,行車管制號誌,正常,無,無分向設施,未繪設車道線,未繪設快慢車道分隔線,無,汽(機)車本身,撞路樹、電桿,駕駛人,未注意車前狀態,死亡1;受傷1,2,,,無或物(動物、堆置物),-1,,,,,,,,,無(非車輛駕駛人因素),尚未發現肇事因素,否,120.251430,23.121847
2019,11,20191115,191300,A1,臺南市政府警察局,臺南市安定區蘇厝里直加弄大道口 / 臺南市安定區蘇厝里安定東路口,晴,夜間(或隧道、地下道、涵洞)有照明,市區道路,40,交岔路,三岔路,其他,人行道,柏油,乾燥,無缺陷,無障礙物,良好,良好,行車管制號誌,正常,無,無分向設施,未繪設車道線,未繪設快慢車道分隔線,無,汽(機)車本身,撞路樹、電桿,駕駛人,未注意車前狀態,死亡1;受傷1,1,機車,普通重型,男,28,戴安全帽或繫安全帶(使用幼童安全椅),未使用,車的狀態,向前直行中,機車,前車頭,,,駕駛人,未注意車前狀態,否,120.251430,23.121847
2019,11,20191115,191300,A1,臺南市政府警察局,臺南市安定區蘇厝里直加弄大道口 / 臺南市安定區蘇厝里安定東路口,晴,夜間(或隧道、地下道、涵洞)有照明,市區道路,40,交岔路,三岔路,其他,人行道,柏油,乾燥,無缺陷,無障礙物,良好,良好,行車管制號誌,正常,無,無分向設施,未繪設車道線,未繪設快慢車道分隔線,無,汽(機)車本身,撞路樹、電桿,駕駛人,未注意車前狀態,死亡1;受傷1,3,人,乘客,女,27,戴安全帽或繫安全帶(使用幼童安全椅),非汽(機)車駕駛人,人的狀態,其他,其他,不明,,,無(非車輛駕駛人因素),尚未發現肇事因素,否,120.251430,23.121847
2019,11,20191115,213800,A1,臺北市政府警察局,臺北市大安區辛亥路2段 / 臺北市大安區辛亥路2段,晴,夜間(或隧道、地下道、涵洞)有照明,市區道路,50,交岔路,三岔路,交叉路口,交叉口附近,柏油,乾燥,無缺陷,無障礙物,良好,良好,行車管制號誌,正常,中央分向島,寛式(50公分以上),車道線(無標記),未繪設快慢車道分隔線,無,汽(機)車本身,撞路樹、電桿,其他,不明原因肇事,死亡1;受傷0,2,,,無或物(動物、堆置物),0,,,,,,,,,無(非車輛駕駛人因素),尚未發現肇事因素,否,121.541102,25.021361