發生年度,發生月份,發生日期,發生時間,事故類別名稱,處理單位名稱警局層,發生地點,天候名稱,光線名稱,道路類別-第1當事者-名稱,速限-第1當事者,道路型態大類別名稱,道路型態子類別名稱,事故位置大類別名稱,事故位置子類別名稱,路面狀況-路面鋪裝名稱,路面狀況-路面狀態名稱,路面狀況-路面缺陷名稱,道路障礙-障礙物名稱,道路障礙-視距品質名稱,道路障礙-視距名稱,號誌-號誌種類名稱,號誌-號誌動作名稱,車道劃分設施-分向設施大類別名稱,車道劃分設施-分向設施子類別名稱,車道劃分設施-分道設施-快車道或一般車道間名稱,車道劃分設施-分道設施-快慢車道間名稱,車道劃分設施-分道設施-路面邊線名稱,事故類型及型態大類別名稱,事故類型及型態子類別名稱,肇因研判大類別名稱-主要,肇因研判子類別名稱-主要,死亡受傷人數,當事者順位,當事者區分-類別-大類別名稱-車種,當事者區分-類別-子類別名稱-車種,當事者屬-性-別名稱,當事者事故發生時年齡,保護裝備名稱,行動電話或電腦或其他相類功能裝置名稱,當事者行動狀態大類別名稱,當事者行動狀態子類別名稱,車輛撞擊部位大類別名稱-最初,車輛撞擊部位子類別名稱-最初,車輛撞擊部位大類別名稱-其他,車輛撞擊部位子類別名稱-其他,肇因研判大類別名稱-個別,肇因研判子類別名稱-個別,肇事逃逸類別名稱-是否肇逃,經度,緯度
2019,12,20191207,165137,A1,臺南市政府警察局,臺南市龍崎區182線往東22.1K,陰,日間自然光線,市區道路,50,單路部分,彎曲路及附近,路段,快車道,柏油,乾燥,無缺陷,無障礙物,良好,良好,無號誌,無號誌,中央分向島,寛式(50公分以上),車道線(無標記),未繪設快慢車道分隔線,有,汽(機)車本身,撞護欄(樁),駕駛人,未注意車前狀態,死亡1;受傷0,2,,,無或物(動物、堆置物),-1,,,,,,,,,無(非車輛駕駛人因素),尚未發現肇事因素,否,120.391865,22.948028
2019,12,20191207,165137,A1,臺南市政府警察局,臺南市龍崎區182線往東22.1K,陰,日間自然光線,市區道路,50,單路部分,彎曲路及附近,路段,快車道,柏油,乾燥,無缺陷,無障礙物,良好,良好,無號誌,無號誌,中央分向島,寛式(50公分以上),車道線(無標記),未繪設快慢車道分隔線,有,汽(機)車本身,撞護欄(樁),駕駛人,未注意車前狀態,死亡1;受傷0,1,機車,普通重型,男,19,戴安全帽或繫安全帶(使用幼童安全椅),未使用,車的狀態,向前直行中,機車,左側車身,,,駕駛人,未注意車前狀態,否,120.391865,22.948028
2019,12,20191207,205600,A1,彰化縣警察局,彰化縣北斗鎮七星里斗功路167號前0.0公尺,晴,日間自然光線,鄉道,50,單路部分,直路,路段,一般車道(未劃分快慢車道),柏油,乾燥,無缺陷,無障礙物,良好,良好,無號誌,無號誌,行車分向線,無標記,車道線(無標記),未繪設快慢車道分隔線,有,車與車,其他,其他,不明原因肇事,死亡1;受傷0,1,機車,普通重型,女,16,不明,不明,車的狀態,向前直行中,機車,前車頭,,,其他,不明原因肇事,否,120.530128,23.855013
2019,12,20191207,205600,A1,彰化縣警察局,彰化縣北斗鎮七星里斗功路167號前0.0公尺,晴,日間自然光線,鄉道,50,單路部分,直路,路段,一般車道(未劃分快慢車道),柏油,乾燥,無缺陷,無障礙物,良好,良好,無號誌,無號誌,行車分向線,無標記,車道線(無標記),未繪設快慢車道分隔線,有,車與車,其他,其他,不明原因肇事,死亡1;受傷0,2,小貨車(含客、貨兩用),自用,男,29,不明,不明,車的狀態,靜止(引擎熄火),汽車,左後車尾(身),,,其他,不明原因肇事,否,120.530128,23.855013
2019,12,20191207,220010,A1,金門縣警察局,金門縣金城鎮泰仰路賢聚22-1號前,晴,夜間(或隧道、地下道、涵洞)有照明,村里道路,40,單路部分,直路,路段,一般車道(未劃分快慢車道),柏油,乾燥,無缺陷,無障礙物,良好,良好,無號誌,無號誌,無,無分向設施,未繪設車道線,未繪設快慢車道分隔線,有,汽(機)車本身,衝出路外,駕駛人,酒醉(後)駕駛失控,死亡1;受傷0,2,,,無或物(動物、堆置物),-1,,,,,,,,,無(非車輛駕駛人因素),尚未發現肇事因素,否,118.310336,24.416608
2019,12,20191207,220010,A1,金門縣警察局,金門縣金城鎮泰仰路賢聚22-1號前,晴,夜間(或隧道、地下道、涵洞)有照明,村里道路,40,單路部分,直路,路段,一般車道(未劃分快慢車道),柏油,乾燥,無缺陷,無障礙物,良好,良好,無號誌,無號誌,無,無分向設施,未繪設車道線,未繪設快慢車道分隔線,有,汽(機)車本身,衝出路外,駕駛人,酒醉(後)駕駛失控,死亡1;受傷0,1,小客車,自用,男,42,不明,不明,車的狀態,向前直行中,汽車,前車頭,,,駕駛人,酒醉(後)駕駛失控,否,118.310336,24.416608
2019,12,20191208,003400,A1,高雄市政府警察局,高雄市鳥松區神農路330號前0.0公尺,晴,夜間(或隧道、地下道、涵洞)有照明,市區道路,60,單路部分,直路,路段,路肩、路緣,柏油,乾燥,無缺陷,無障礙物,良好,良好,無號誌,無號誌,中央分向島,寛式(50公分以上),車道線(無標記),快慢車道分隔線,有,汽(機)車本身,撞路樹、電桿,駕駛人,超速失控,死亡2;受傷0,2,,,無或物(動物、堆置物),109,,,,,,,,,無(非車輛駕駛人因素),尚未發現肇事因素,否,120.301520,22.627160
2019,12,20191208,003400,A1,高雄市政府警察局,高雄市鳥松區神農路330號前0.0公尺,晴,夜間(或隧道、地下道、涵洞)有照明,市區道路,60,單路部分,直路,路段,路肩、路緣,柏油,乾燥,無缺陷,無障礙物,良好,良好,無號誌,無號誌,中央分向島,寛式(50公分以上),車道線(無標記),快慢車道分隔線,有,汽(機)車本身,撞路樹、電桿,駕駛人,超速失控,死亡2;受傷0,1,小客車,自用,男,41,不明,不明,車的狀態,向前直行中,汽車,前車頭,汽車,前車頭,駕駛人,超速失控,否,120.301520,22.627160
2019,12,20191208,003400,A1,高雄市政府警察局,高雄市鳥松區神農路330號前0.0公尺,晴,夜間(或隧道、地下道、涵洞)有照明,市區道路,60,單路部分,直路,路段,路肩、路緣,柏油,乾燥,無缺陷,無障礙物,良好,良好,無號誌,無號誌,中央分向島,寛式(50公分以上),車道線(無標記),快慢車道分隔線,有,汽(機)車本身,撞路樹、電桿,駕駛人,超速失控,死亡2;受傷0,3,人,乘客,男,37,不明,不明,人的狀態,其他,其他,非汽(機)車,其他,非汽(機)車,無(非車輛駕駛人因素),尚未發現肇事因素,否,120.301520,22.627160
2019,12,20191208,095500,A1,高雄市政府警察局,高雄市杉林區司馬路15號前0.0公尺,晴,日間自然光線,市區道路,50,單路部分,直路,路段,一般車道(未劃分快慢車道),柏油,乾燥,無缺陷,無障礙物,良好,良好,無號誌,無號誌,行車分向線,無標記,車道線(無標記),未繪設快慢車道分隔線,有,車與車,同向擦撞,駕駛人,違規超車,死亡1;受傷0,1,小客車,自用,女,54,戴安全帽或繫安全帶(使用幼童安全椅),未使用,車的狀態,超車(含超越),汽車,右側車身,汽車,右側車身,駕駛人,違規超車,否,120.556586,22.983837
2019,12,20191208,095500,A1,高雄市政府警察局,高雄市杉林區司馬路15號前0.0公尺,晴,日間自然光線,市區道路,50,單路部分,直路,路段,一般車道(未劃分快慢車道),柏油,乾燥,無缺陷,無障礙物,良好,良好,無號誌,無號誌,行車分向線,無標記,車道線(無標記),未繪設快慢車道分隔線,有,車與車,同向擦撞,駕駛人,違規超車,死亡1;受傷0,2,機車,普通重型,女,68,戴安全帽或繫安全帶(使用幼童安全椅),未使用,車的狀態,向前直行中,機車,左側車身,機車,左側車身,無(車輛駕駛人因素),尚未發現肇事因素,否,120.556586,22.983837
2019,12,20191208,152500,A1,臺南市政府警察局,臺南市南區喜樹路第九號橋,晴,日間自然光線,市區道路,50,單路部分,彎曲路及附近,路段,一般車道(未劃分快慢車道),柏油,乾燥,無缺陷,無障礙物,良好,良好,無號誌,無號誌,雙向禁止超車線,無標記,未繪設車道線,未繪設快慢車道分隔線,無,汽(機)車本身,撞橋樑、建築物,駕駛人,酒醉(後)駕駛失控,死亡1;受傷0,2,,,無或物(動物、堆置物),-1,,,,,,,,,無(非車輛駕駛人因素),尚未發現肇事因素,否,120.179920,22.949267
2019,12,20191208,152500,A1,臺南市政府警察局,臺南市南區喜樹路第九號橋,晴,日間自然光線,市區道路,50,單路部分,彎曲路及附近,路段,一般車道(未劃分快慢車道),柏油,乾燥,無缺陷,無障礙物,良好,良好,無號誌,無號誌,雙向禁止超車線,無標記,未繪設車道線,未繪設快慢車道分隔線,無,汽(機)車本身,撞橋樑、建築物,駕駛人,酒醉(後)駕駛失控,死亡1;受傷0,1,機車,普通重型,男,38,戴安全帽或繫安全帶(使用幼童安全椅),未使用,車的狀態,向前直行中,其他,不明,,,駕駛人,酒醉(後)駕駛失控,否,120.179920,22.949267
2019,12,20191208,172400,A1,嘉義縣警察局,嘉義縣東石鄉港墘村港墘60號之2前(168線7.15公里),晴,夜間(或隧道、地下道、涵洞)有照明,縣道,50,單路部分,直路,路段,慢車道,柏油,乾燥,無缺陷,路上有停車,良好,良好,無號誌,無號誌,中央分向島,寛式(50公分以上),車道線(附標記),快慢車道分隔線,有,人與汽(機)車,同向通行中,行人(或乘客),其他引起事故之疏失或行為,死亡1;受傷1,3,小貨車(含客、貨兩用),自用,男,34,不明,不明,車的狀態,靜止(引擎熄火),其他,不明,,,其他,違規停車或暫停不當而肇事,否,120.216532,23.462801
2019,12,20191208,172400,A1,嘉義縣警察局,嘉義縣東石鄉港墘村港墘60號之2前(168線7.15公里),晴,夜間(或隧道、地下道、涵洞)有照明,縣道,50,單路部分,直路,路段,慢車道,柏油,乾燥,無缺陷,路上有停車,良好,良好,無號誌,無號誌,中央分向島,寛式(50公分以上),車道線(附標記),快慢車道分隔線,有,人與汽(機)車,同向通行中,行人(或乘客),其他引起事故之疏失或行為,死亡1;受傷1,2,機車,普通重型,男,82,戴安全帽或繫安全帶(使用幼童安全椅),未使用,車的狀態,向前直行中,機車,前車頭,,,駕駛人,未注意車前狀態,否,120.216532,23.462801
2019,12,20191208,172400,A1,嘉義縣警察局,嘉義縣東石鄉港墘村港墘60號之2前(168線7.15公里),晴,夜間(或隧道、地下道、涵洞)有照明,縣道,50,單路部分,直路,路段,慢車道,柏油,乾燥,無缺陷,路上有停車,良好,良好,無號誌,無號誌,中央分向島,寛式(50公分以上),車道線(附標記),快慢車道分隔線,有,人與汽(機)車,同向通行中,行人(或乘客),其他引起事故之疏失或行為,死亡1;受傷1,1,人,行人,女,76,其他(行人、慢車駕駛人),非汽(機)車駕駛人,人的狀態,步行,其他,非汽(機)車,,,行人(或乘客),其他引起事故之疏失或行為,否,120.216532,23.462801
2019,12,20191208,174742,A1,新竹縣政府警察局,新竹縣湖口鄉德興路507號前0.0公尺,晴,夜間(或隧道、地下道、涵洞)有照明,村里道路,50,單路部分,直路,路段,路肩、路緣,柏油,乾燥,無缺陷,無障礙物,良好,良好,無號誌,無號誌,雙向禁止超車線,無標記,車道線(附標記),未繪設快慢車道分隔線,有,車與車,追撞,駕駛人,未注意車前狀態,死亡1;受傷0,1,機車,普通重型,男,83,戴安全帽或繫安全帶(使用幼童安全椅),未使用,車的狀態,向前直行中,機車,前車頭,,,駕駛人,未注意車前狀態,否,121.041065,24.920146
2019,12,20191208,174742,A1,新竹縣政府警察局,新竹縣湖口鄉德興路507號前0.0公尺,晴,夜間(或隧道、地下道、涵洞)有照明,村里道路,50,單路部分,直路,路段,路肩、路緣,柏油,乾燥,無缺陷,無障礙物,良好,良好,無號誌,無號誌,雙向禁止超車線,無標記,車道線(附標記),未繪設快慢車道分隔線,有,車與車,追撞,駕駛人,未注意車前狀態,死亡1;受傷0,2,小客車,自用,男,50,戴安全帽或繫安全帶(使用幼童安全椅),未使用,車的狀態,靜止(引擎熄火),汽車,左後車尾(身),,,無(車輛駕駛人因素),尚未發現肇事因素,否,121.041065,24.920146
2019,12,20191209,060038,A1,苗栗縣警察局,苗栗縣造橋鄉豐湖村台13甲線與圪仔路口,晴,日間自然光線,市區道路,50,交岔路,四岔路,路段,路肩、路緣,柏油,乾燥,無缺陷,無障礙物,良好,良好,行車管制號誌,正常,行車分向線,無標記,禁止變換車道線(無標記),未繪設快慢車道分隔線,有,汽(機)車本身,撞號誌、標誌桿,駕駛人,未注意車前狀態,死亡1;受傷0,2,,,無或物(動物、堆置物),-1,,,,,,,,,無(非車輛駕駛人因素),尚未發現肇事因素,否,120.832901,24.608577
2019,12,20191209,060038,A1,苗栗縣警察局,苗栗縣造橋鄉豐湖村台13甲線與圪仔路口,晴,日間自然光線,市區道路,50,交岔路,四岔路,路段,路肩、路緣,柏油,乾燥,無缺陷,無障礙物,良好,良好,行車管制號誌,正常,行車分向線,無標記,禁止變換車道線(無標記),未繪設快慢車道分隔線,有,汽(機)車本身,撞號誌、標誌桿,駕駛人,未注意車前狀態,死亡1;受傷0,1,機車,普通重型,女,22,戴安全帽或繫安全帶(使用幼童安全椅),未使用,車的狀態,向前直行中,機車,前車頭,,,駕駛人,未注意車前狀態,否,120.832901,24.608577
2019,12,20191209,175306,A1,保安警察第二總隊,桃園市龍潭區龍園3路路燈桿L2-08,晴,夜間(或隧道、地下道、涵洞)有照明,市區道路,40,單路部分,彎曲路及附近,路段,一般車道(未劃分快慢車道),柏油,乾燥,無缺陷,無障礙物,良好,良好,無號誌,無號誌,中央分向島,寛式(50公分以上),車道線(附標記),未繪設快慢車道分隔線,有,汽(機)車本身,路上翻車、摔倒,駕駛人,酒醉(後)駕駛失控,死亡1;受傷0,2,,,無或物(動物、堆置物),-1,,,,,,,,,無(非車輛駕駛人因素),尚未發現肇事因素,否,121.184973,24.892940
2019,12,20191209,175306,A1,保安警察第二總隊,桃園市龍潭區龍園3路路燈桿L2-08,晴,夜間(或隧道、地下道、涵洞)有照明,市區道路,40,單路部分,彎曲路及附近,路段,一般車道(未劃分快慢車道),柏油,乾燥,無缺陷,無障礙物,良好,良好,無號誌,無號誌,中央分向島,寛式(50公分以上),車道線(附標記),未繪設快慢車道分隔線,有,汽(機)車本身,路上翻車、摔倒,駕駛人,酒醉(後)駕駛失控,死亡1;受傷0,1,機車,普通重型,男,39,戴安全帽或繫安全帶(使用幼童安全椅),未使用,車的狀態,向前直行中,機車,前車頭,,,駕駛人,酒醉(後)駕駛失控,否,121.184973,24.892940
2019,12,20191209,175500,A1,嘉義縣警察局,嘉義縣東石鄉洲仔村洲子20號之8,晴,夜間(或隧道、地下道、涵洞)有照明,鄉道,50,單路部分,直路,路段,一般車道(未劃分快慢車道),柏油,乾燥,無缺陷,無障礙物,良好,良好,無號誌,無號誌,行車分向線,無標記,未繪設車道線,未繪設快慢車道分隔線,有,車與車,追撞,駕駛人,未注意車前狀態,死亡1;受傷0,1,小貨車(含客、貨兩用),自用,男,49,不明,不明,車的狀態,向前直行中,汽車,前車頭,,,駕駛人,未注意車前狀態,否,120.199923,23.454277
2019,12,20191209,175500,A1,嘉義縣警察局,嘉義縣東石鄉洲仔村洲子20號之8,晴,夜間(或隧道、地下道、涵洞)有照明,鄉道,50,單路部分,直路,路段,一般車道(未劃分快慢車道),柏油,乾燥,無缺陷,無障礙物,良好,良好,無號誌,無號誌,行車分向線,無標記,未繪設車道線,未繪設快慢車道分隔線,有,車與車,追撞,駕駛人,未注意車前狀態,死亡1;受傷0,2,慢車,腳踏自行車,男,81,其他(行人、慢車駕駛人),非汽(機)車駕駛人,車的狀態,向前直行中,其他,非汽(機)車,,,無(車輛駕駛人因素),尚未發現肇事因素,否,120.199923,23.454277
2019,12,20191210,034800,A1,國道公路警察局,桃園市蘆竹區國道1號 44公里900.0公尺處北側向爬坡,晴,夜間(或隧道、地下道、涵洞)有照明,國道,90,單路部分,直路,路段,快車道,柏油,乾燥,無缺陷,無障礙物,良好,良好,無號誌,無號誌,中央分向島,寛式(50公分以上),車道線(附標記),未繪設快慢車道分隔線,有,車與車,追撞,駕駛人,未注意車前狀態,死亡2;受傷1,1,半聯結車,營業用,男,39,未戴案全帽或未繫安全帶(未使用幼童安全椅),未使用,車的狀態,向前直行中,汽車,前車頭,,,駕駛人,未注意車前狀態,否,121.339840,25.064182
2019,12,20191210,034800,A1,國道公路警察局,桃園市蘆竹區國道1號 44公里900.0公尺處北側向爬坡,晴,夜間(或隧道、地下道、涵洞)有照明,國道,90,單路部分,直路,路段,快車道,柏油,乾燥,無缺陷,無障礙物,良好,良好,無號誌,無號誌,中央分向島,寛式(50公分以上),車道線(附標記),未繪設快慢車道分隔線,有,車與車,追撞,駕駛人,未注意車前狀態,死亡2;受傷1,2,半聯結車,營業用,男,49,戴安全帽或繫安全帶(使用幼童安全椅),未使用,車的狀態,向前直行中,汽車,後車尾,,,無(車輛駕駛人因素),尚未發現肇事因素,否,121.339840,25.064182
2019,12,20191210,034800,A1,國道公路警察局,桃園市蘆竹區國道1號 44公里900.0公尺處北側向爬坡,晴,夜間(或隧道、地下道、涵洞)有照明,國道,90,單路部分,直路,路段,快車道,柏油,乾燥,無缺陷,無障礙物,良好,良好,無號誌,無號誌,中央分向島,寛式(50公分以上),車道線(附標記),未繪設快慢車道分隔線,有,車與車,追撞,駕駛人,未注意車前狀態,死亡2;受傷1,3,人,乘客,女,37,戴安全帽或繫安全帶(使用幼童安全椅),非汽(機)車駕駛人,人的狀態,其他,其他,非汽(機)車,,,無(非車輛駕駛人因素),尚未發現肇事因素,否,121.339840,25.064182
2019,12,20191210,034800,A1,國道公路警察局,桃園市蘆竹區國道1號 44公里900.0公尺處北側向爬坡,晴,夜間(或隧道、地下道、涵洞)有照明,國道,90,單路部分,直路,路段,快車道,柏油,乾燥,無缺陷,無障礙物,良好,良好,無號誌,無號誌,中央分向島,寛式(50公分以上),車道線(附標記),未繪設快慢車道分隔線,有,車與車,追撞,駕駛人,未注意車前狀態,死亡2;受傷1,4,人,乘客,女,1,戴安全帽或繫安全帶(使用幼童安全椅),非汽(機)車駕駛人,人的狀態,其他,其他,非汽(機)車,,,無(非車輛駕駛人因素),尚未發現肇事因素,否,121.339840,25.064182
2019,12,20191210,070500,A1,屏東縣政府警察局,屏東縣屏東市和平路北側 / 屏東縣屏東市公園西路西側,晴,日間自然光線,市區道路,50,交岔路,四岔路,交叉路口,交叉路口內,柏油,乾燥,無缺陷,無障礙物,良好,良好,行車管制號誌,正常,雙向禁止超車線,附標記,車道線(無標記),未繪設快慢車道分隔線,有,車與車,側撞,駕駛人,違反號誌管制或指揮,死亡1;受傷2,1,機車,普通重型,女,63,戴安全帽或繫安全帶(使用幼童安全椅),未使用,車的狀態,左轉彎,機車,左側車身,,,駕駛人,違反號誌管制或指揮,否,120.477906,22.675283
2019,12,20191210,070500,A1,屏東縣政府警察局,屏東縣屏東市和平路北側 / 屏東縣屏東市公園西路西側,晴,日間自然光線,市區道路,50,交岔路,四岔路,交叉路口,交叉路口內,柏油,乾燥,無缺陷,無障礙物,良好,良好,行車管制號誌,正常,雙向禁止超車線,附標記,車道線(無標記),未繪設快慢車道分隔線,有,車與車,側撞,駕駛人,違反號誌管制或指揮,死亡1;受傷2,2,機車,普通重型,男,23,戴安全帽或繫安全帶(使用幼童安全椅),未使用,車的狀態,向前直行中,機車,前車頭,,,無(車輛駕駛人因素),尚未發現肇事因素,否,120.477906,22.675283
2019,12,20191210,070500,A1,屏東縣政府警察局,屏東縣屏東市和平路北側 / 屏東縣屏東市公園西路西側,晴,日間自然光線,市區道路,50,交岔路,四岔路,交叉路口,交叉路口內,柏油,乾燥,無缺陷,無障礙物,良好,良好,行車管制號誌,正常,雙向禁止超車線,附標記,車道線(無標記),未繪設快慢車道分隔線,有,車與車,側撞,駕駛人,違反號誌管制或指揮,死亡1;受傷2,3,人,乘客,女,12,戴安全帽或繫安全帶(使用幼童安全椅),非汽(機)車駕駛人,人的狀態,其他,其他,非汽(機)車,,,無(非車輛駕駛人因素),尚未發現肇事因素,否,120.477906,22.675283
2019,12,20191210,110900,A1,臺中市政府警察局,臺中市西屯區廣福里環中路前0.0公尺,晴,日間自然光線,市區道路,40,交岔路,四岔路,交叉路口,交叉路口內,柏油,乾燥,無缺陷,無障礙物,良好,良好,行車管制號誌,正常,無,無分向設施,未繪設車道線,未繪設快慢車道分隔線,無,車與車,側撞,駕駛人,違反號誌管制或指揮,死亡1;受傷0,1,機車,普通重型,女,19,戴安全帽或繫安全帶(使用幼童安全椅),未使用,車的狀態,向前直行中,機車,前車頭,,,駕駛人,違反號誌管制或指揮,否,120.644238,24.194833
2019,12,20191210,110900,A1,臺中市政府警察局,臺中市西屯區廣福里環中路前0.0公尺,晴,日間自然光線,市區道路,40,交岔路,四岔路,交叉路口,交叉路口內,柏油,乾燥,無缺陷,無障礙物,良好,良好,行車管制號誌,正常,無,無分向設施,未繪設車道線,未繪設快慢車道分隔線,無,車與車,側撞,駕駛人,違反號誌管制或指揮,死亡1;受傷0,2,小客車,自用,男,22,戴安全帽或繫安全帶(使用幼童安全椅),未使用,車的狀態,左轉彎,汽車,右側車身,,,無(車輛駕駛人因素),尚未發現肇事因素,否,120.644238,24.194833
2019,12,20191210,135907,A1,苗栗縣警察局,苗栗縣獅潭鄉台3線 115公里900.0公尺處西側,晴,日間自然光線,省道,60,單路部分,直路,路段,路肩、路緣,柏油,乾燥,無缺陷,無障礙物,良好,良好,無號誌,無號誌,雙向禁止超車線,附標記,車道線(無標記),未繪設快慢車道分隔線,有,汽(機)車本身,撞號誌、標誌桿,其他,不明原因肇事,死亡1;受傷0,2,,,無或物(動物、堆置物),-1,,,,,,,,,無(非車輛駕駛人因素),尚未發現肇事因素,否,120.917217,24.530260
2019,12,20191210,135907,A1,苗栗縣警察局,苗栗縣獅潭鄉台3線 115公里900.0公尺處西側,晴,日間自然光線,省道,60,單路部分,直路,路段,路肩、路緣,柏油,乾燥,無缺陷,無障礙物,良好,良好,無號誌,無號誌,雙向禁止超車線,附標記,車道線(無標記),未繪設快慢車道分隔線,有,汽(機)車本身,撞號誌、標誌桿,其他,不明原因肇事,死亡1;受傷0,1,機車,普通重型,男,69,不明,不明,人的狀態,不明,機車,前車頭,機車,前車頭,其他,不明原因肇事,否,120.917217,24.530260
2019,12,20191210,195800,A1,臺北市政府警察局,臺北市文山區景隆街 / 臺北市文山區景隆街,晴,夜間(或隧道、地下道、涵洞)有照明,市區道路,50,交岔路,三岔路,交叉路口,交叉口附近,柏油,乾燥,無缺陷,無障礙物,良好,良好,無號誌,無號誌,雙向禁止超車線,無標記,車道線(無標記),未繪設快慢車道分隔線,無,人與汽(機)車,穿越道路中,駕駛人,搶越行人穿越道,死亡1;受傷0,2,人,行人,女,54,其他(行人、慢車駕駛人),非汽(機)車駕駛人,人的狀態,步行,其他,非汽(機)車,其他,非汽(機)車,無(非車輛駕駛人因素),尚未發現肇事因素,否,121.543368,24.998925
2019,12,20191210,195800,A1,臺北市政府警察局,臺北市文山區景隆街 / 臺北市文山區景隆街,晴,夜間(或隧道、地下道、涵洞)有照明,市區道路,50,交岔路,三岔路,交叉路口,交叉口附近,柏油,乾燥,無缺陷,無障礙物,良好,良好,無號誌,無號誌,雙向禁止超車線,無標記,車道線(無標記),未繪設快慢車道分隔線,無,人與汽(機)車,穿越道路中,駕駛人,搶越行人穿越道,死亡1;受傷0,1,小貨車(含客、貨兩用),自用,男,24,戴安全帽或繫安全帶(使用幼童安全椅),未使用,車的狀態,向前直行中,汽車,左前車頭(身),汽車,左前車頭(身),駕駛人,搶越行人穿越道,否,121.543368,24.998925
2019,12,20191211,015400,A1,彰化縣警察局,彰化縣員林市中央里中央路281號前0.0公尺東側,晴,夜間(或隧道、地下道、涵洞)無照明,市區道路,40,單路部分,直路,路段,一般車道(未劃分快慢車道),柏油,乾燥,無缺陷,無障礙物,良好,良好,無號誌,無號誌,行車分向線,無標記,未繪設車道線,未繪設快慢車道分隔線,有,車與車,其他,駕駛人,未注意車前狀態,死亡1;受傷0,1,機車,普通重型,男,29,戴安全帽或繫安全帶(使用幼童安全椅),未使用,車的狀態,向前直行中,機車,前車頭,,,駕駛人,未注意車前狀態,否,120.569840,23.937647
2019,12,20191211,015400,A1,彰化縣警察局,彰化縣員林市中央里中央路281號前0.0公尺東側,晴,夜間(或隧道、地下道、涵洞)無照明,市區道路,40,單路部分,直路,路段,一般車道(未劃分快慢車道),柏油,乾燥,無缺陷,無障礙物,良好,良好,無號誌,無號誌,行車分向線,無標記,未繪設車道線,未繪設快慢車道分隔線,有,車與車,其他,駕駛人,未注意車前狀態,死亡1;受傷0,2,大貨車,自用,男,20,戴安全帽或繫安全帶(使用幼童安全椅),未使用,車的狀態,靜止(引擎熄火),汽車,後車尾,,,其他,違規停車或暫停不當而肇事,否,120.569840,23.937647
2019,12,20191211,025000,A1,國道公路警察局,新竹縣湖口鄉國道1號 81公里400.0公尺處北側向外側,晴,夜間(或隧道、地下道、涵洞)無照明,國道,90,單路部分,直路,路段,快車道,柏油,乾燥,無缺陷,無障礙物,良好,良好,無號誌,無號誌,中央分向島,寛式(50公分以上),車道線(附標記),未繪設快慢車道分隔線,有,車與車,追撞,其他,拋錨未採安全措施,死亡1;受傷1,4,,,無或物(動物、堆置物),-1,,,,,,,,,無(非車輛駕駛人因素),尚未發現肇事因素,否,121.064183,24.876976
2019,12,20191211,025000,A1,國道公路警察局,新竹縣湖口鄉國道1號 81公里400.0公尺處北側向外側,晴,夜間(或隧道、地下道、涵洞)無照明,國道,90,單路部分,直路,路段,快車道,柏油,乾燥,無缺陷,無障礙物,良好,良好,無號誌,無號誌,中央分向島,寛式(50公分以上),車道線(附標記),未繪設快慢車道分隔線,有,車與車,追撞,其他,拋錨未採安全措施,死亡1;受傷1,2,半聯結車,營業用,男,57,戴安全帽或繫安全帶(使用幼童安全椅),未使用,車的狀態,向前直行中,汽車,前車頭,,,駕駛人,未注意車前狀態,否,121.064183,24.876976
2019,12,20191211,025000,A1,國道公路警察局,新竹縣湖口鄉國道1號 81公里400.0公尺處北側向外側,晴,夜間(或隧道、地下道、涵洞)無照明,國道,90,單路部分,直路,路段,快車道,柏油,乾燥,無缺陷,無障礙物,良好,良好,無號誌,無號誌,中央分向島,寛式(50公分以上),車道線(附標記),未繪設快慢車道分隔線,有,車與車,追撞,其他,拋錨未採安全措施,死亡1;受傷1,1,全聯結車,營業用,男,43,戴安全帽或繫安全帶(使用幼童安全椅),未使用,車的狀態,靜止(引擎熄火),汽車,前車頭,,,其他,拋錨未採安全措施,否,121.064183,24.876976
2019,12,20191211,025000,A1,國道公路警察局,新竹縣湖口鄉國道1號 81公里400.0公尺處北側向外側,晴,夜間(或隧道、地下道、涵洞)無照明,國道,90,單路部分,直路,路段,快車道,柏油,乾燥,無缺陷,無障礙物,良好,良好,無號誌,無號誌,中央分向島,寛式(50公分以上),車道線(附標記),未繪設快慢車道分隔線,有,車與車,追撞,其他,拋錨未採安全措施,死亡1;受傷1,3,半聯結車,營業用,男,57,戴安全帽或繫安全帶(使用幼童安全椅),未使用,車的狀態,向前直行中,汽車,後車尾,,,無(車輛駕駛人因素),尚未發現肇事因素,否,121.064183,24.876976
2019,12,20191211,043200,A1,國道公路警察局,新竹縣湖口鄉國道1號 82公里600.0公尺處北側向外側,晴,夜間(或隧道、地下道、涵洞)無照明,國道,90,單路部分,直路,路段,快車道,柏油,乾燥,無缺陷,無障礙物,良好,良好,無號誌,無號誌,中央分向島,寛式(50公分以上),車道線(附標記),未繪設快慢車道分隔線,有,車與車,追撞,駕駛人,未注意車前狀態,死亡1;受傷1,1,半聯結車,營業用,男,55,戴安全帽或繫安全帶(使用幼童安全椅),未使用,車的狀態,向前直行中,汽車,前車頭,,,駕駛人,未注意車前狀態,否,121.062921,24.876472
2019,12,20191211,043200,A1,國道公路警察局,新竹縣湖口鄉國道1號 82公里600.0公尺處北側向外側,晴,夜間(或隧道、地下道、涵洞)無照明,國道,90,單路部分,直路,路段,快車道,柏油,乾燥,無缺陷,無障礙物,良好,良好,無號誌,無號誌,中央分向島,寛式(50公分以上),車道線(附標記),未繪設快慢車道分隔線,有,車與車,追撞,駕駛人,未注意車前狀態,死亡1;受傷1,5,小客車,自用,男,60,戴安全帽或繫安全帶(使用幼童安全椅),未使用,車的狀態,等待(引擎未熄火),汽車,後車尾,,,無(車輛駕駛人因素),尚未發現肇事因素,否,121.062921,24.876472