發生年度,發生月份,發生日期,發生時間,事故類別名稱,處理單位名稱警局層,發生地點,天候名稱,光線名稱,道路類別-第1當事者-名稱,速限-第1當事者,道路型態大類別名稱,道路型態子類別名稱,事故位置大類別名稱,事故位置子類別名稱,路面狀況-路面鋪裝名稱,路面狀況-路面狀態名稱,路面狀況-路面缺陷名稱,道路障礙-障礙物名稱,道路障礙-視距品質名稱,道路障礙-視距名稱,號誌-號誌種類名稱,號誌-號誌動作名稱,車道劃分設施-分向設施大類別名稱,車道劃分設施-分向設施子類別名稱,車道劃分設施-分道設施-快車道或一般車道間名稱,車道劃分設施-分道設施-快慢車道間名稱,車道劃分設施-分道設施-路面邊線名稱,事故類型及型態大類別名稱,事故類型及型態子類別名稱,肇因研判大類別名稱-主要,肇因研判子類別名稱-主要,死亡受傷人數,當事者順位,當事者區分-類別-大類別名稱-車種,當事者區分-類別-子類別名稱-車種,當事者屬-性-別名稱,當事者事故發生時年齡,保護裝備名稱,行動電話或電腦或其他相類功能裝置名稱,當事者行動狀態大類別名稱,當事者行動狀態子類別名稱,車輛撞擊部位大類別名稱-最初,車輛撞擊部位子類別名稱-最初,車輛撞擊部位大類別名稱-其他,車輛撞擊部位子類別名稱-其他,肇因研判大類別名稱-個別,肇因研判子類別名稱-個別,肇事逃逸類別名稱-是否肇逃,經度,緯度
2019,12,20191228,075000,A1,嘉義縣警察局,嘉義縣水上鄉義興村村里道路(燈桿126635旁),晴,日間自然光線,村里道路,30,單路部分,彎曲路及附近,路段,一般車道(未劃分快慢車道),柏油,乾燥,無缺陷,無障礙物,不良,彎道,無號誌,無號誌,無,無分向設施,未繪設車道線,未繪設快慢車道分隔線,無,車與車,對向擦撞,駕駛人,未注意車前狀態,死亡1;受傷0,2,機車,普通重型,女,75,戴安全帽或繫安全帶(使用幼童安全椅),不明,車的狀態,向前直行中,機車,左側車身,,,無(車輛駕駛人因素),尚未發現肇事因素,否,120.426296,23.415344
2019,12,20191228,075000,A1,嘉義縣警察局,嘉義縣水上鄉義興村村里道路(燈桿126635旁),晴,日間自然光線,村里道路,30,單路部分,彎曲路及附近,路段,一般車道(未劃分快慢車道),柏油,乾燥,無缺陷,無障礙物,不良,彎道,無號誌,無號誌,無,無分向設施,未繪設車道線,未繪設快慢車道分隔線,無,車與車,對向擦撞,駕駛人,未注意車前狀態,死亡1;受傷0,1,小貨車(含客、貨兩用),自用,男,60,未戴案全帽或未繫安全帶(未使用幼童安全椅),未使用,車的狀態,向前直行中,汽車,左前車頭(身),,,駕駛人,未注意車前狀態,否,120.426296,23.415344
2019,12,20191228,135235,A1,南投縣政府警察局,南投縣國姓鄉乾溝村136線49.9k處,晴,日間自然光線,縣道,40,單路部分,直路,路段,一般車道(未劃分快慢車道),柏油,乾燥,無缺陷,無障礙物,良好,良好,無號誌,無號誌,雙向禁止超車線,附標記,禁止變換車道線(附標記),快慢車道分隔線,有,汽(機)車本身,路上翻車、摔倒,駕駛人,超速失控,死亡1;受傷0,2,,,無或物(動物、堆置物),-1,,,,,,,,,無(非車輛駕駛人因素),尚未發現肇事因素,否,120.819057,24.062013
2019,12,20191228,135235,A1,南投縣政府警察局,南投縣國姓鄉乾溝村136線49.9k處,晴,日間自然光線,縣道,40,單路部分,直路,路段,一般車道(未劃分快慢車道),柏油,乾燥,無缺陷,無障礙物,良好,良好,無號誌,無號誌,雙向禁止超車線,附標記,禁止變換車道線(附標記),快慢車道分隔線,有,汽(機)車本身,路上翻車、摔倒,駕駛人,超速失控,死亡1;受傷0,1,機車,大型重型1(550C.C.以上),男,39,戴安全帽或繫安全帶(使用幼童安全椅),未使用,車的狀態,向前直行中,機車,前車頭,機車,右側車身,駕駛人,超速失控,否,120.819057,24.062013
2019,12,20191228,151200,A1,彰化縣警察局,彰化縣溪湖鎮東寮里彰水路4段 / 彰化縣溪湖鎮東寮里頂新街,晴,日間自然光線,省道,60,交岔路,三岔路,交叉路口,交叉路口內,柏油,乾燥,無缺陷,無障礙物,良好,良好,行車管制號誌,正常,雙向禁止超車線,無標記,車道線(無標記),快慢車道分隔線,有,車與車,其他,其他,不明原因肇事,死亡1;受傷0,1,慢車,腳踏自行車,男,59,其他(行人、慢車駕駛人),非汽(機)車駕駛人,車的狀態,左轉彎,其他,非汽(機)車,其他,非汽(機)車,其他,不明原因肇事,否,120.479990,23.968805
2019,12,20191228,151200,A1,彰化縣警察局,彰化縣溪湖鎮東寮里彰水路4段 / 彰化縣溪湖鎮東寮里頂新街,晴,日間自然光線,省道,60,交岔路,三岔路,交叉路口,交叉路口內,柏油,乾燥,無缺陷,無障礙物,良好,良好,行車管制號誌,正常,雙向禁止超車線,無標記,車道線(無標記),快慢車道分隔線,有,車與車,其他,其他,不明原因肇事,死亡1;受傷0,2,曳引車,營業用,男,60,戴安全帽或繫安全帶(使用幼童安全椅),未使用,車的狀態,向左變換車道,汽車,右前車頭(身),汽車,右前車頭(身),駕駛人,變換車道或方向不當,否,120.479990,23.968805
2019,12,20191228,175100,A1,桃園市政府警察局,桃園市大溪區信義路342號前0.0公尺,晴,夜間(或隧道、地下道、涵洞)有照明,市區道路,30,單路部分,直路,路段,一般車道(未劃分快慢車道),柏油,乾燥,無缺陷,無障礙物,良好,良好,無號誌,無號誌,雙向禁止超車線,無標記,車道線(無標記),未繪設快慢車道分隔線,有,人與汽(機)車,其他,駕駛人,酒醉(後)駕駛失控,死亡1;受傷1,1,小客車,自用,男,36,不明,不明,車的狀態,向前直行中,汽車,前車頭,汽車,前車頭,駕駛人,酒醉(後)駕駛失控,是,121.299841,24.889294
2019,12,20191228,175100,A1,桃園市政府警察局,桃園市大溪區信義路342號前0.0公尺,晴,夜間(或隧道、地下道、涵洞)有照明,市區道路,30,單路部分,直路,路段,一般車道(未劃分快慢車道),柏油,乾燥,無缺陷,無障礙物,良好,良好,無號誌,無號誌,雙向禁止超車線,無標記,車道線(無標記),未繪設快慢車道分隔線,有,人與汽(機)車,其他,駕駛人,酒醉(後)駕駛失控,死亡1;受傷1,2,人,行人,男,56,不明,不明,人的狀態,不明,其他,非汽(機)車,其他,非汽(機)車,無(非車輛駕駛人因素),尚未發現肇事因素,否,121.299841,24.889294
2019,12,20191228,184800,A1,高雄市政府警察局,高雄市大寮區光明路3段67號前0.0公尺,晴,夜間(或隧道、地下道、涵洞)有照明,市區道路,60,單路部分,直路,路段,路肩、路緣,柏油,乾燥,無缺陷,無障礙物,良好,良好,無號誌,無號誌,中央分向島,寛式(50公分以上),車道線(無標記),快慢車道分隔線,有,汽(機)車本身,撞路樹、電桿,駕駛人,未注意車前狀態,死亡1;受傷0,2,,,無或物(動物、堆置物),108,,,,,,,,,無(非車輛駕駛人因素),尚未發現肇事因素,否,120.412800,22.614440
2019,12,20191228,184800,A1,高雄市政府警察局,高雄市大寮區光明路3段67號前0.0公尺,晴,夜間(或隧道、地下道、涵洞)有照明,市區道路,60,單路部分,直路,路段,路肩、路緣,柏油,乾燥,無缺陷,無障礙物,良好,良好,無號誌,無號誌,中央分向島,寛式(50公分以上),車道線(無標記),快慢車道分隔線,有,汽(機)車本身,撞路樹、電桿,駕駛人,未注意車前狀態,死亡1;受傷0,1,小客車,自用,男,43,戴安全帽或繫安全帶(使用幼童安全椅),未使用,車的狀態,向前直行中,汽車,前車頭,汽車,前車頭,駕駛人,未注意車前狀態,否,120.412800,22.614440
2019,12,20191229,063700,A1,彰化縣警察局,彰化縣芳苑鄉王功村芳漢路王功段544號前0.0公尺,雨,晨或暮光,村里道路,50,單路部分,直路,路段,一般車道(未劃分快慢車道),柏油,濕潤,無缺陷,無障礙物,良好,良好,無號誌,無號誌,雙向禁止超車線,無標記,車道線(無標記),未繪設快慢車道分隔線,有,人與汽(機)車,穿越道路中,行人(或乘客),未依標誌、標線、號誌或手勢指揮穿越道路,死亡1;受傷1,2,機車,普通重型,男,26,戴安全帽或繫安全帶(使用幼童安全椅),未使用,車的狀態,向前直行中,機車,前車頭,,,駕駛人,未注意車前狀態,否,120.340946,23.965619
2019,12,20191229,063700,A1,彰化縣警察局,彰化縣芳苑鄉王功村芳漢路王功段544號前0.0公尺,雨,晨或暮光,村里道路,50,單路部分,直路,路段,一般車道(未劃分快慢車道),柏油,濕潤,無缺陷,無障礙物,良好,良好,無號誌,無號誌,雙向禁止超車線,無標記,車道線(無標記),未繪設快慢車道分隔線,有,人與汽(機)車,穿越道路中,行人(或乘客),未依標誌、標線、號誌或手勢指揮穿越道路,死亡1;受傷1,1,人,行人,男,90,其他(行人、慢車駕駛人),非汽(機)車駕駛人,人的狀態,步行,其他,非汽(機)車,,,行人(或乘客),未依標誌、標線、號誌或手勢指揮穿越道路,否,120.340946,23.965619
2019,12,20191229,074300,A1,桃園市政府警察局,桃園市平鎮區建明路1段238巷前0.0公尺,雨,日間自然光線,市區道路,50,單路部分,直路,路段,路肩、路緣,柏油,濕潤,無缺陷,無障礙物,良好,良好,無號誌,無號誌,無,無分向設施,未繪設車道線,未繪設快慢車道分隔線,有,汽(機)車本身,路上翻車、摔倒,駕駛人,酒醉(後)駕駛失控,死亡1;受傷0,2,,,無或物(動物、堆置物),-1,,,,,,,,,無(非車輛駕駛人因素),尚未發現肇事因素,否,121.242686,24.923805
2019,12,20191229,074300,A1,桃園市政府警察局,桃園市平鎮區建明路1段238巷前0.0公尺,雨,日間自然光線,市區道路,50,單路部分,直路,路段,路肩、路緣,柏油,濕潤,無缺陷,無障礙物,良好,良好,無號誌,無號誌,無,無分向設施,未繪設車道線,未繪設快慢車道分隔線,有,汽(機)車本身,路上翻車、摔倒,駕駛人,酒醉(後)駕駛失控,死亡1;受傷0,1,機車,普通重型,男,20,戴安全帽或繫安全帶(使用幼童安全椅),未使用,車的狀態,向前直行中,機車,左側車身,,,駕駛人,酒醉(後)駕駛失控,否,121.242686,24.923805
2019,12,20191229,091900,A1,嘉義縣警察局,嘉義縣朴子市大鄉里168線11.95公里,雨,日間自然光線,縣道,50,單路部分,直路,路段,路肩、路緣,柏油,濕潤,無缺陷,無障礙物,良好,良好,無號誌,無號誌,中央分向島,寛式(50公分以上),車道線(無標記),快慢車道分隔線,有,汽(機)車本身,撞路樹、電桿,駕駛人,未注意車前狀態,死亡1;受傷0,2,,,無或物(動物、堆置物),-1,,,,,,,,,無(非車輛駕駛人因素),尚未發現肇事因素,否,120.260325,23.465423
2019,12,20191229,091900,A1,嘉義縣警察局,嘉義縣朴子市大鄉里168線11.95公里,雨,日間自然光線,縣道,50,單路部分,直路,路段,路肩、路緣,柏油,濕潤,無缺陷,無障礙物,良好,良好,無號誌,無號誌,中央分向島,寛式(50公分以上),車道線(無標記),快慢車道分隔線,有,汽(機)車本身,撞路樹、電桿,駕駛人,未注意車前狀態,死亡1;受傷0,1,小客車,自用,男,69,不明,不明,車的狀態,向前直行中,汽車,前車頭,,,駕駛人,未注意車前狀態,否,120.260325,23.465423
2019,12,20191229,204900,A1,雲林縣警察局,雲林縣元長鄉鹿北村華鹿100之1號前,晴,夜間(或隧道、地下道、涵洞)有照明,村里道路,50,單路部分,直路,路段,慢車道,柏油,濕潤,無缺陷,路上有停車,良好,良好,無號誌,無號誌,行車分向線,無標記,車道線(無標記),快慢車道分隔線,有,車與車,追撞,其他,違規停車或暫停不當而肇事,死亡1;受傷0,2,機車,普通重型,男,52,不明,不明,車的狀態,向前直行中,機車,前車頭,機車,右側車身,駕駛人,酒醉(後)駕駛失控,否,120.378302,23.650817
2019,12,20191229,204900,A1,雲林縣警察局,雲林縣元長鄉鹿北村華鹿100之1號前,晴,夜間(或隧道、地下道、涵洞)有照明,村里道路,50,單路部分,直路,路段,慢車道,柏油,濕潤,無缺陷,路上有停車,良好,良好,無號誌,無號誌,行車分向線,無標記,車道線(無標記),快慢車道分隔線,有,車與車,追撞,其他,違規停車或暫停不當而肇事,死亡1;受傷0,1,大貨車,自用,男,48,不明,不明,車的狀態,靜止(引擎熄火),汽車,左後車尾(身),,,其他,違規停車或暫停不當而肇事,否,120.378302,23.650817
2019,12,20191229,211613,A1,臺東縣警察局,臺東縣鹿野鄉台9線 329公里100.0公尺處,雨,夜間(或隧道、地下道、涵洞)無照明,省道,60,交岔路,三岔路,交叉路口,交叉口附近,柏油,濕潤,無缺陷,無障礙物,良好,良好,無號誌,無號誌,雙向禁止超車線,附標記,未繪設車道線,快慢車道分隔線,有,車與車,對向擦撞,駕駛人,逆向行駛,死亡1;受傷0,1,機車,普通重型,男,50,戴安全帽或繫安全帶(使用幼童安全椅),未使用,車的狀態,向前直行中,機車,前車頭,,,駕駛人,逆向行駛,否,121.133104,22.948114
2019,12,20191229,211613,A1,臺東縣警察局,臺東縣鹿野鄉台9線 329公里100.0公尺處,雨,夜間(或隧道、地下道、涵洞)無照明,省道,60,交岔路,三岔路,交叉路口,交叉口附近,柏油,濕潤,無缺陷,無障礙物,良好,良好,無號誌,無號誌,雙向禁止超車線,附標記,未繪設車道線,快慢車道分隔線,有,車與車,對向擦撞,駕駛人,逆向行駛,死亡1;受傷0,3,小客車,自用,女,43,戴安全帽或繫安全帶(使用幼童安全椅),未使用,車的狀態,向前直行中,汽車,前車頭,,,無(車輛駕駛人因素),尚未發現肇事因素,否,121.133104,22.948114
2019,12,20191229,211613,A1,臺東縣警察局,臺東縣鹿野鄉台9線 329公里100.0公尺處,雨,夜間(或隧道、地下道、涵洞)無照明,省道,60,交岔路,三岔路,交叉路口,交叉口附近,柏油,濕潤,無缺陷,無障礙物,良好,良好,無號誌,無號誌,雙向禁止超車線,附標記,未繪設車道線,快慢車道分隔線,有,車與車,對向擦撞,駕駛人,逆向行駛,死亡1;受傷0,2,小客車,自用,男,60,戴安全帽或繫安全帶(使用幼童安全椅),未使用,車的狀態,向前直行中,汽車,左前車頭(身),,,無(車輛駕駛人因素),尚未發現肇事因素,否,121.133104,22.948114
2019,12,20191230,051111,A1,新竹縣政府警察局,新竹縣新埔鎮文山路亞東段768號前,雨,夜間(或隧道、地下道、涵洞)有照明,縣道,50,單路部分,直路,路段,快車道,柏油,濕潤,無缺陷,無障礙物,良好,良好,無號誌,無號誌,中央分向島,窄式附柵欄,車道線(附標記),未繪設快慢車道分隔線,有,人與汽(機)車,穿越道路中,行人(或乘客),未依規定行走行人穿越道、地下道、天橋而穿越道路,死亡1;受傷0,2,小客車,自用,男,40,戴安全帽或繫安全帶(使用幼童安全椅),未使用,車的狀態,向前直行中,汽車,前車頭,,,駕駛人,未注意車前狀態,否,121.053396,24.826425
2019,12,20191230,051111,A1,新竹縣政府警察局,新竹縣新埔鎮文山路亞東段768號前,雨,夜間(或隧道、地下道、涵洞)有照明,縣道,50,單路部分,直路,路段,快車道,柏油,濕潤,無缺陷,無障礙物,良好,良好,無號誌,無號誌,中央分向島,窄式附柵欄,車道線(附標記),未繪設快慢車道分隔線,有,人與汽(機)車,穿越道路中,行人(或乘客),未依規定行走行人穿越道、地下道、天橋而穿越道路,死亡1;受傷0,1,人,行人,男,78,其他(行人、慢車駕駛人),未使用,人的狀態,步行,其他,非汽(機)車,,,行人(或乘客),未依規定行走行人穿越道、地下道、天橋而穿越道路,否,121.053396,24.826425
2019,12,20191230,051800,A1,新北市政府警察局,新北市永和區中正路 / 新北市永和區中正路,雨,夜間(或隧道、地下道、涵洞)有照明,市區道路,50,交岔路,三岔路,交叉路口,交叉路口內,柏油,濕潤,無缺陷,無障礙物,良好,良好,閃光號誌,正常,雙向禁止超車線,無標記,車道線(無標記),未繪設快慢車道分隔線,無,人與汽(機)車,穿越道路中,駕駛人,搶越行人穿越道,死亡1;受傷0,1,小客車,計程車,男,63,戴安全帽或繫安全帶(使用幼童安全椅),未使用,車的狀態,向前直行中,汽車,前車頭,汽車,前車頭,駕駛人,搶越行人穿越道,否,121.517555,25.002025
2019,12,20191230,051800,A1,新北市政府警察局,新北市永和區中正路 / 新北市永和區中正路,雨,夜間(或隧道、地下道、涵洞)有照明,市區道路,50,交岔路,三岔路,交叉路口,交叉路口內,柏油,濕潤,無缺陷,無障礙物,良好,良好,閃光號誌,正常,雙向禁止超車線,無標記,車道線(無標記),未繪設快慢車道分隔線,無,人與汽(機)車,穿越道路中,駕駛人,搶越行人穿越道,死亡1;受傷0,2,人,行人,男,85,其他(行人、慢車駕駛人),非汽(機)車駕駛人,人的狀態,步行,其他,非汽(機)車,其他,非汽(機)車,無(非車輛駕駛人因素),尚未發現肇事因素,否,121.517555,25.002025
2019,12,20191230,074200,A1,彰化縣警察局,彰化縣溪州鄉舊眉村陸軍路前0.0公尺,雨,日間自然光線,村里道路,40,交岔路,多岔路,交叉路口,交叉路口內,柏油,濕潤,無缺陷,無障礙物,良好,良好,閃光號誌,正常,無,無分向設施,未繪設車道線,未繪設快慢車道分隔線,無,車與車,路口交岔撞,駕駛人,未依規定讓車,死亡1;受傷1,1,機車,普通重型,男,65,不明,不明,車的狀態,向前直行中,機車,左側車身,,,駕駛人,未依規定讓車,否,120.521839,23.854344
2019,12,20191230,074200,A1,彰化縣警察局,彰化縣溪州鄉舊眉村陸軍路前0.0公尺,雨,日間自然光線,村里道路,40,交岔路,多岔路,交叉路口,交叉路口內,柏油,濕潤,無缺陷,無障礙物,良好,良好,閃光號誌,正常,無,無分向設施,未繪設車道線,未繪設快慢車道分隔線,無,車與車,路口交岔撞,駕駛人,未依規定讓車,死亡1;受傷1,2,機車,普通重型,女,38,戴安全帽或繫安全帶(使用幼童安全椅),不明,車的狀態,向前直行中,機車,前車頭,,,駕駛人,未依規定減速,否,120.521839,23.854344
2019,12,20191230,150000,A1,高雄港務警察總隊,高雄市旗津區過港隧道往旗津與122碼頭交會處,晴,日間自然光線,市區道路,50,單路部分,高架道路,路段,交通島(含槽化線),柏油,乾燥,無缺陷,無障礙物,良好,良好,無號誌,無號誌,中央分向島,寛式(50公分以上),車道線(無標記),寛式快慢車道分隔島(50公分以上),有,汽(機)車本身,撞護欄(樁),其他,不明原因肇事,死亡1;受傷0,2,,,無或物(動物、堆置物),-1,,,,,,,,,無(非車輛駕駛人因素),尚未發現肇事因素,否,120.305150,22.563240
2019,12,20191230,150000,A1,高雄港務警察總隊,高雄市旗津區過港隧道往旗津與122碼頭交會處,晴,日間自然光線,市區道路,50,單路部分,高架道路,路段,交通島(含槽化線),柏油,乾燥,無缺陷,無障礙物,良好,良好,無號誌,無號誌,中央分向島,寛式(50公分以上),車道線(無標記),寛式快慢車道分隔島(50公分以上),有,汽(機)車本身,撞護欄(樁),其他,不明原因肇事,死亡1;受傷0,1,小貨車(含客、貨兩用),自用,男,23,不明,不明,車的狀態,向前直行中,汽車,前車頭,,,其他,不明原因肇事,否,120.305150,22.563240
2019,12,20191230,210600,A1,新竹市警察局,新竹市東區東光路東勝路,雨,夜間(或隧道、地下道、涵洞)有照明,市區道路,50,交岔路,四岔路,交叉路口,交叉口附近,柏油,濕潤,無缺陷,無障礙物,良好,良好,行車管制號誌(附設行人專用號誌),正常,雙向禁止超車線,無標記,車道線(無標記),未繪設快慢車道分隔線,無,人與汽(機)車,穿越道路中,行人(或乘客),未依規定行走行人穿越道、地下道、天橋而穿越道路,死亡1;受傷1,2,機車,普通重型,男,33,不明,不明,車的狀態,向前直行中,機車,前車頭,,,駕駛人,未注意車前狀態,否,120.986871,24.803640
2019,12,20191230,210600,A1,新竹市警察局,新竹市東區東光路東勝路,雨,夜間(或隧道、地下道、涵洞)有照明,市區道路,50,交岔路,四岔路,交叉路口,交叉口附近,柏油,濕潤,無缺陷,無障礙物,良好,良好,行車管制號誌(附設行人專用號誌),正常,雙向禁止超車線,無標記,車道線(無標記),未繪設快慢車道分隔線,無,人與汽(機)車,穿越道路中,行人(或乘客),未依規定行走行人穿越道、地下道、天橋而穿越道路,死亡1;受傷1,1,人,行人,女,87,其他(行人、慢車駕駛人),非汽(機)車駕駛人,人的狀態,步行,其他,非汽(機)車,,,行人(或乘客),未依規定行走行人穿越道、地下道、天橋而穿越道路,否,120.986871,24.803640
2019,12,20191231,032400,A1,新北市政府警察局,新北市中和區景平路268號前0.0公尺,雨,夜間(或隧道、地下道、涵洞)有照明,市區道路,50,單路部分,直路,路段,一般車道(未劃分快慢車道),柏油,濕潤,無缺陷,無障礙物,良好,良好,無號誌,無號誌,中央分向島,寛式(50公分以上),車道線(無標記),未繪設快慢車道分隔線,有,人與汽(機)車,同向通行中,行人(或乘客),未依規定行走行人穿越道、地下道、天橋而穿越道路,死亡1;受傷2,4,機車,普通重型,男,19,戴安全帽或繫安全帶(使用幼童安全椅),未使用,車的狀態,向前直行中,其他,不明,其他,不明,駕駛人,未注意車前狀態,否,121.514519,24.992575
2019,12,20191231,032400,A1,新北市政府警察局,新北市中和區景平路268號前0.0公尺,雨,夜間(或隧道、地下道、涵洞)有照明,市區道路,50,單路部分,直路,路段,一般車道(未劃分快慢車道),柏油,濕潤,無缺陷,無障礙物,良好,良好,無號誌,無號誌,中央分向島,寛式(50公分以上),車道線(無標記),未繪設快慢車道分隔線,有,人與汽(機)車,同向通行中,行人(或乘客),未依規定行走行人穿越道、地下道、天橋而穿越道路,死亡1;受傷2,2,機車,普通重型,男,51,戴安全帽或繫安全帶(使用幼童安全椅),未使用,車的狀態,向前直行中,機車,前車頭,機車,前車頭,駕駛人,未注意車前狀態,是,121.514519,24.992575
2019,12,20191231,032400,A1,新北市政府警察局,新北市中和區景平路268號前0.0公尺,雨,夜間(或隧道、地下道、涵洞)有照明,市區道路,50,單路部分,直路,路段,一般車道(未劃分快慢車道),柏油,濕潤,無缺陷,無障礙物,良好,良好,無號誌,無號誌,中央分向島,寛式(50公分以上),車道線(無標記),未繪設快慢車道分隔線,有,人與汽(機)車,同向通行中,行人(或乘客),未依規定行走行人穿越道、地下道、天橋而穿越道路,死亡1;受傷2,3,機車,普通重型,男,18,戴安全帽或繫安全帶(使用幼童安全椅),未使用,車的狀態,向前直行中,機車,前車頭,機車,前車頭,駕駛人,未注意車前狀態,否,121.514519,24.992575
2019,12,20191231,032400,A1,新北市政府警察局,新北市中和區景平路268號前0.0公尺,雨,夜間(或隧道、地下道、涵洞)有照明,市區道路,50,單路部分,直路,路段,一般車道(未劃分快慢車道),柏油,濕潤,無缺陷,無障礙物,良好,良好,無號誌,無號誌,中央分向島,寛式(50公分以上),車道線(無標記),未繪設快慢車道分隔線,有,人與汽(機)車,同向通行中,行人(或乘客),未依規定行走行人穿越道、地下道、天橋而穿越道路,死亡1;受傷2,1,人,行人,男,61,其他(行人、慢車駕駛人),未使用,人的狀態,步行,其他,非汽(機)車,其他,非汽(機)車,行人(或乘客),未依規定行走行人穿越道、地下道、天橋而穿越道路,否,121.514519,24.992575
2019,12,20191231,055600,A1,臺南市政府警察局,臺南市鹽水區三明里台19線公路北上103公里600公尺處,雨,晨或暮光,市區道路,70,單路部分,直路,路段,快車道,柏油,濕潤,無缺陷,無障礙物,良好,良好,無號誌,無號誌,中央分向島,寛式(50公分以上),車道線(無標記),快慢車道分隔線,有,車與車,追撞,駕駛人,未注意車前狀態,死亡1;受傷0,1,小客車,自用,男,77,不明,不明,車的狀態,插入行列,汽車,左前車頭(身),,,駕駛人,未注意車前狀態,否,120.256692,23.302341
2019,12,20191231,055600,A1,臺南市政府警察局,臺南市鹽水區三明里台19線公路北上103公里600公尺處,雨,晨或暮光,市區道路,70,單路部分,直路,路段,快車道,柏油,濕潤,無缺陷,無障礙物,良好,良好,無號誌,無號誌,中央分向島,寛式(50公分以上),車道線(無標記),快慢車道分隔線,有,車與車,追撞,駕駛人,未注意車前狀態,死亡1;受傷0,2,小貨車(含客、貨兩用),自用,男,59,戴安全帽或繫安全帶(使用幼童安全椅),未使用,車的狀態,插入行列,汽車,右後車尾(身),,,無(車輛駕駛人因素),尚未發現肇事因素,否,120.256692,23.302341
2019,12,20191231,133911,A1,臺南市政府警察局,臺南市北區北園街124巷10弄21號附近,晴,日間自然光線,市區道路,50,單路部分,直路,路段,路肩、路緣,柏油,乾燥,無缺陷,無障礙物,良好,良好,無號誌,無號誌,雙向禁止超車線,無標記,未繪設車道線,未繪設快慢車道分隔線,有,汽(機)車本身,其他,駕駛人,違規超車,死亡1;受傷0,2,,,無或物(動物、堆置物),-1,,,,,,,,,無(非車輛駕駛人因素),尚未發現肇事因素,否,120.224139,23.013776
2019,12,20191231,133911,A1,臺南市政府警察局,臺南市北區北園街124巷10弄21號附近,晴,日間自然光線,市區道路,50,單路部分,直路,路段,路肩、路緣,柏油,乾燥,無缺陷,無障礙物,良好,良好,無號誌,無號誌,雙向禁止超車線,無標記,未繪設車道線,未繪設快慢車道分隔線,有,汽(機)車本身,其他,駕駛人,違規超車,死亡1;受傷0,1,機車,普通重型,女,68,戴安全帽或繫安全帶(使用幼童安全椅),未使用,車的狀態,超車(含超越),其他,不明,機車,左側車身,駕駛人,違規超車,否,120.224139,23.013776
2019,12,20191231,133911,A1,臺南市政府警察局,臺南市北區北園街124巷10弄21號附近,晴,日間自然光線,市區道路,50,單路部分,直路,路段,路肩、路緣,柏油,乾燥,無缺陷,無障礙物,良好,良好,無號誌,無號誌,雙向禁止超車線,無標記,未繪設車道線,未繪設快慢車道分隔線,有,汽(機)車本身,其他,駕駛人,違規超車,死亡1;受傷0,3,小貨車(含客、貨兩用),自用,男,59,戴安全帽或繫安全帶(使用幼童安全椅),未使用,車的狀態,向前直行中,其他,不明,,,無(車輛駕駛人因素),尚未發現肇事因素,否,120.224139,23.013776
2019,12,20191231,183700,A1,臺南市政府警察局,臺南市西港區縣173線 6公里800.0公尺處西側,陰,夜間(或隧道、地下道、涵洞)有照明,縣道,60,單路部分,直路,路段,快車道,柏油,乾燥,無缺陷,無障礙物,良好,良好,無號誌,無號誌,行車分向線,無標記,車道線(無標記),快慢車道分隔線,有,車與車,側撞,駕駛人,橫越道路不慎,死亡1;受傷0,2,小客車,自用,男,35,戴安全帽或繫安全帶(使用幼童安全椅),未使用,車的狀態,向前直行中,汽車,前車頭,,,駕駛人,未注意車前狀態,否,120.222280,23.140823
2019,12,20191231,183700,A1,臺南市政府警察局,臺南市西港區縣173線 6公里800.0公尺處西側,陰,夜間(或隧道、地下道、涵洞)有照明,縣道,60,單路部分,直路,路段,快車道,柏油,乾燥,無缺陷,無障礙物,良好,良好,無號誌,無號誌,行車分向線,無標記,車道線(無標記),快慢車道分隔線,有,車與車,側撞,駕駛人,橫越道路不慎,死亡1;受傷0,3,小客車,自用,女,63,戴安全帽或繫安全帶(使用幼童安全椅),未使用,車的狀態,向前直行中,汽車,前車頭,,,駕駛人,未注意車前狀態,否,120.222280,23.140823
2019,12,20191231,183700,A1,臺南市政府警察局,臺南市西港區縣173線 6公里800.0公尺處西側,陰,夜間(或隧道、地下道、涵洞)有照明,縣道,60,單路部分,直路,路段,快車道,柏油,乾燥,無缺陷,無障礙物,良好,良好,無號誌,無號誌,行車分向線,無標記,車道線(無標記),快慢車道分隔線,有,車與車,側撞,駕駛人,橫越道路不慎,死亡1;受傷0,1,慢車,腳踏自行車,女,74,其他(行人、慢車駕駛人),非汽(機)車駕駛人,車的狀態,迴轉或橫越道路中,其他,非汽(機)車,,,駕駛人,橫越道路不慎,否,120.222280,23.140823
資料提供日期：111年09月28日,,,,,,,,,,,,,,,,,,,,,,,,,,,,,,,,,,,,,,,,,,,,,,,,,,
事故類別：A1類,,,,,,,,,,,,,,,,,,,,,,,,,,,,,,,,,,,,,,,,,,,,,,,,,,